objid,run,rerun,camcol,field,obj,type,ra,dec,u,g,r,i,z,Err_u,Err_g,Err_r,Err_i,Err_z
587732156849652388,2888,40,3,25,676,6,114.59986529,21.57418028,25.641222,21.47249,19.791866,19.043066,18.642408,0.640081,0.05288,0.018529,0.014122,0.032338
587732156849652389,2888,40,3,25,677,6,114.59801231,21.57461224,21.389885,20.372236,19.928223,19.704172,19.696379,0.113688,0.022824,0.020339,0.022057,0.074961
587732156849652386,2888,40,3,25,674,6,114.59735179,21.57660106,20.469103,18.631605,17.9298,17.668438,17.54365,0.056141,8.005031E-3,6.61835E-3,7.028737E-3,0.01513
587732156849652390,2888,40,3,25,678,6,114.59612646,21.57361595,24.406776,25.114866,21.466707,19.898769,19.185452,0.946316,0.691997,0.075084,0.025883,0.051358
587732156849652391,2888,40,3,25,679,6,114.59651267,21.57475495,25.754702,24.576204,23.73889,21.836502,20.83465,0.586936,0.581922,0.446019,0.125061,0.196317
587732156849654242,2888,40,3,25,2530,6,114.60052251,21.57251491,26.271749,26.986879,23.16876,21.543865,20.961813,0.420705,0.238572,0.320334,0.108147,0.23935
587732156849652250,2888,40,3,25,538,6,114.5952535,21.56859366,16.154232,14.868434,15.267868,15.323248,13.375826,6.314042E-3,4.84193E-3,0.011886,0.012951,5.07519E-3
587732156849652251,2888,40,3,25,539,6,114.60444364,21.56949839,15.577147,14.404946,14.129024,18.749586,14.041527,4.493787E-3,3.231054E-3,3.650696E-3,0.026829,4.182646E-3
587732156849652269,2888,40,3,25,557,6,114.59870532,21.56862183,16.673422,15.547103,15.248726,15.130013,15.134704,6.644559E-3,3.540336E-3,3.93866E-3,4.399242E-3,5.136156E-3
587732156849652270,2888,40,3,25,558,6,114.59853824,21.56992107,16.984102,15.838134,15.572298,15.39434,15.377772,7.637767E-3,3.613801E-3,4.106498E-3,4.511362E-3,5.491005E-3
587732156849652274,2888,40,3,25,562,6,114.60485611,21.5768124,16.851015,15.753252,15.484304,15.400882,15.413428,6.987621E-3,3.482289E-3,3.827406E-3,4.33076E-3,5.437814E-3
587732156849652383,2888,40,3,25,671,6,114.59378472,21.57420954,15.966548,14.814157,14.581951,14.515829,14.545838,5.068652E-3,3.311681E-3,3.736494E-3,4.270316E-3,4.47851E-3
587732156849652384,2888,40,3,25,672,6,114.5950909,21.5731014,17.231207,16.108553,15.821998,15.715774,15.733458,8.427969E-3,3.772379E-3,4.085947E-3,4.632143E-3,6.165765E-3
587732156849652387,2888,40,3,25,675,6,114.59584526,21.5757443,21.061232,19.081675,18.2766,17.970119,17.835276,0.087327,0.010058,7.653733E-3,7.925426E-3,0.018278
587732156849652253,2888,40,3,25,541,6,114.59946903,21.58125392,15.997953,14.79387,14.448189,14.409487,14.464613,5.306412E-3,3.450264E-3,3.852979E-3,4.477599E-3,4.711063E-3
587732156849652255,2888,40,3,25,543,6,114.60840978,21.57428419,15.757511,14.623029,14.364788,14.286496,14.291967,4.755237E-3,3.316223E-3,3.740433E-3,4.246042E-3,4.31608E-3
587732156849652256,2888,40,3,25,544,6,114.6083738,21.5675095,15.784501,14.690728,14.457221,14.385362,14.407994,4.782534E-3,3.317967E-3,3.73948E-3,4.264622E-3,4.391388E-3
587732156849652257,2888,40,3,25,545,6,114.60906714,21.57024141,15.572718,14.444209,14.606773,14.651303,14.122121,4.584587E-3,3.379937E-3,0.011465,0.01192,4.447718E-3
587732156849652258,2888,40,3,25,546,6,114.60009173,21.56701591,15.793733,14.639131,14.389544,14.493701,14.335276,4.801668E-3,3.286677E-3,3.693902E-3,4.83366E-3,4.324718E-3
587732156849652261,2888,40,3,25,549,6,114.60362388,21.56466678,15.719307,14.612678,14.416305,14.369925,14.358449,4.678737E-3,3.219057E-3,3.655659E-3,4.168259E-3,4.244371E-3
587732156849652263,2888,40,3,25,551,6,114.59937616,21.58175939,15.918205,14.842023,14.655993,14.588148,14.578372,5.089537E-3,3.138233E-3,3.570348E-3,3.996703E-3,4.412792E-3
587732156849652268,2888,40,3,25,556,6,114.60898153,21.57783328,14.860926,15.028104,14.780254,15.302252,14.157604,4.189485E-3,0.010728,0.011414,0.012678,4.818584E-3
587732156849652271,2888,40,3,25,559,6,114.60281866,21.58422524,16.838366,15.742747,15.485204,15.410924,15.417694,7.008862E-3,3.538668E-3,3.938634E-3,4.474118E-3,5.539092E-3
587732156849652366,2888,40,3,25,654,6,114.58877556,21.57589729,16.071648,14.96178,14.750682,14.694709,14.720698,5.250593E-3,3.329356E-3,3.756191E-3,4.307139E-3,4.638417E-3
587732156849652385,2888,40,3,25,673,6,114.59293982,21.57707708,18.328606,17.084051,16.663277,16.514391,16.488522,0.014457,4.460068E-3,4.529695E-3,5.094995E-3,8.468583E-3
587732156849652392,2888,40,3,25,680,6,114.59150198,21.57748182,25.217133,25.38999,23.330139,21.805796,20.949087,0.821066,0.623661,0.32807,0.12143,0.216423
587732156849652416,2888,40,3,25,704,6,114.59075715,21.58005715,16.469799,15.357302,15.116466,15.046404,15.078497,6.102137E-3,3.469471E-3,3.842965E-3,4.373525E-3,5.068762E-3
587732156849652420,2888,40,3,25,708,6,114.59316619,21.58148033,17.901678,16.705544,16.267117,16.087715,16.007711,0.011553,4.085419E-3,4.207964E-3,4.651033E-3,6.793266E-3
587732156849652424,2888,40,3,25,712,6,114.59217254,21.57993072,19.493265,17.785568,17.118135,16.863825,16.754292,0.029234,5.680742E-3,5.084852E-3,5.452328E-3,9.651778E-3
587732156849652428,2888,40,3,25,716,3,114.59070897,21.58082355,20.409611,18.567963,17.951099,17.605806,17.546787,0.077568,0.012579,9.029244E-3,8.359582E-3,0.018936
587732156849652122,2888,40,3,25,410,6,114.60730237,21.55984635,17.933559,16.63101,16.192087,16.028971,15.980422,0.011765,4.026539E-3,4.20136E-3,4.720501E-3,6.748084E-3
587732156849652252,2888,40,3,25,540,6,114.61042536,21.58273833,15.69785,14.557354,14.298507,14.947425,14.219837,4.6402E-3,3.311428E-3,3.745306E-3,0.012064,4.283478E-3
587732156849652254,2888,40,3,25,542,6,114.59341436,21.56294362,16.607658,14.958091,14.337993,14.092965,14.001313,6.440427E-3,3.360585E-3,3.666115E-3,4.12055E-3,4.12555E-3
587732156849652259,2888,40,3,25,547,6,114.60540108,21.56382896,15.821727,14.689857,14.457276,14.309732,14.387166,4.906306E-3,3.324503E-3,3.780553E-3,4.170484E-3,4.369297E-3
587732156849652260,2888,40,3,25,548,6,114.58493493,21.56709042,15.848883,14.730742,14.507276,14.449322,14.46667,4.90079E-3,3.271053E-3,3.711818E-3,4.267746E-3,4.412557E-3
587732156849652264,2888,40,3,25,552,3,114.60171922,21.58862861,15.826238,14.737447,14.540695,14.516625,14.481237,4.707642E-3,2.930492E-3,3.315814E-3,3.812452E-3,4.190744E-3
587732156849652265,2888,40,3,25,553,6,114.60702075,21.58458192,16.70923,15.429285,14.99019,14.834416,14.790246,6.65592E-3,3.467704E-3,3.820688E-3,4.294775E-3,4.725454E-3
587732156849652266,2888,40,3,25,554,6,114.58779222,21.56939394,16.428501,15.306454,15.047666,14.962011,14.986788,5.996216E-3,3.397731E-3,3.794765E-3,4.294115E-3,4.903038E-3
587732156849652267,2888,40,3,25,555,6,114.59470979,21.5614769,16.431814,15.306978,15.047056,14.963474,14.987217,6.005033E-3,3.411483E-3,3.793459E-3,4.277546E-3,4.910227E-3
587732156849652272,2888,40,3,25,560,6,114.59027969,21.56425585,15.553333,14.419985,10.949651,10.657778,11.007327,7.069509E-3,0.010899,7.059732E-4,9.394779E-4,3.326842E-3
587732156849652327,2888,40,3,25,615,6,114.5847854,21.5825098,25.593897,23.296915,21.500736,20.452185,20.125881,0.655027,0.244723,0.069275,0.038837,0.106383
587732156849652333,2888,40,3,25,621,6,114.58313773,21.57899002,23.783226,23.009098,22.800747,22.377872,23.513325,0.738844,0.191031,0.210935,0.197773,0.496179
587732156849652367,2888,40,3,25,655,6,114.5867602,21.57734259,16.856766,15.780656,15.524003,15.442449,15.462729,7.072444E-3,3.569461E-3,3.934167E-3,4.50244E-3,5.625434E-3
587732156849652368,2888,40,3,25,656,6,114.58579403,21.57841177,21.950226,19.717583,18.624842,18.133829,17.828308,0.178767,0.014869,9.240142E-3,8.576194E-3,0.018147
587732156849652369,2888,40,3,25,657,6,114.58554027,21.57969033,24.367905,25.463865,22.660757,21.382349,20.749229,0.964496,0.63111,0.19445,0.08742,0.189187
587732156849652414,2888,40,3,25,702,6,114.58953687,21.58473277,15.895616,15.443977,15.148745,15.23103,13.303761,6.040088E-3,0.011813,0.011689,0.012788,7.0506E-3
587732156849652421,2888,40,3,25,709,6,114.58979449,21.58130957,17.962444,16.846632,16.509153,16.365484,16.33485,0.01198,4.395847E-3,4.538417E-3,5.020542E-3,7.916789E-3
587732156849652423,2888,40,3,25,711,6,114.59312827,21.58414846,18.505821,17.236034,16.805027,16.633579,16.570887,0.01598,4.689179E-3,4.721482E-3,5.2276E-3,8.835017E-3
587732156849652425,2888,40,3,25,713,6,114.58831204,21.58630717,19.318546,17.72201,17.090942,16.846703,16.725641,0.025991,5.571622E-3,5.039716E-3,5.495965E-3,9.56816E-3
587732156849652426,2888,40,3,25,714,6,114.58816004,21.5823007,21.322268,18.919962,17.969334,17.535221,17.302019,0.106898,9.246533E-3,6.673677E-3,6.600437E-3,0.012995
587732156849652427,2888,40,3,25,715,6,114.59369855,21.58493201,20.197742,18.436489,17.804703,17.54287,17.407196,0.046847,7.796863E-3,6.497617E-3,6.805387E-3,0.014122
587732156849652429,2888,40,3,25,717,6,114.58874612,21.58566428,21.307451,18.784983,18.338615,17.990334,17.426378,0.114134,0.011877,0.010235,9.837622E-3,0.016469
587732156849652435,2888,40,3,25,723,6,114.5898464,21.58708912,25.750469,23.63307,21.345982,20.044312,19.28425,0.730719,0.409172,0.079122,0.035775,0.065735
587732156849652436,2888,40,3,25,724,3,114.58733377,21.58463343,21.863005,19.765461,18.679968,17.993078,17.225025,0.570306,0.04813,0.028114,0.020563,0.044061
587732156849652437,2888,40,3,25,725,6,114.5868868,21.5853878,25.084433,25.111441,24.805464,22.987701,20.492275,0.878004,0.687555,0.711168,0.358815,0.151803
587732156849652576,2888,40,3,25,864,6,114.61659336,21.57352143,24.82416,21.683697,20.080276,19.45063,19.239889,0.942204,0.062557,0.02336,0.019308,0.05163
587732156849653274,2888,40,3,25,1562,6,114.61404977,21.57071628,20.153465,18.386425,17.730587,17.517529,17.378923,0.045913,7.25366E-3,6.26686E-3,6.714439E-3,0.013869
587732156849653279,2888,40,3,25,1567,6,114.59639075,21.58931764,21.834017,19.661718,18.716774,18.359608,18.174913,0.161708,0.01444,9.602227E-3,9.53327E-3,0.023066
587732156849654021,2888,40,3,25,2309,6,114.58456532,21.57461437,25.389256,24.607285,22.405134,21.92717,22.120031,0.741933,0.589172,0.151111,0.134954,0.500323
587732156849654023,2888,40,3,25,2311,6,114.6010353,21.56101322,24.813257,24.408476,22.712151,23.591557,24.285826,0.937253,0.535771,0.199218,0.498397,0.293232
587732156849654024,2888,40,3,25,2312,6,114.58420406,21.57741704,24.850895,24.066784,22.722313,21.813358,21.184519,0.922559,0.438533,0.197631,0.122199,0.260974
587732156849654247,2888,40,3,25,2535,6,114.61211612,21.56938029,26.047928,26.142515,23.946915,22.545929,21.883387,0.468188,0.425349,0.51112,0.229558,0.438314
587732156849652105,2888,40,3,25,393,6,114.60424368,21.55787285,16.599396,14.876136,14.231639,14.801852,13.879674,6.383363E-3,3.361127E-3,3.686886E-3,0.011964,4.073542E-3
587732156849652108,2888,40,3,25,396,6,114.59907511,21.55427738,15.875116,14.738493,14.507389,14.449187,14.461538,4.971022E-3,3.319794E-3,3.712499E-3,4.25124E-3,4.434017E-3
587732156849652113,2888,40,3,25,401,6,114.60149496,21.55293845,16.319542,15.200691,14.94768,14.860752,14.869598,5.739188E-3,3.406103E-3,3.77389E-3,4.295293E-3,4.75204E-3
587732156849652114,2888,40,3,25,402,6,114.61235081,21.55868081,15.122375,14.964877,14.38349,14.42577,13.485393,6.681896E-3,9.870906E-3,0.010248,0.0114,0.015849
587732156849652118,2888,40,3,25,406,6,114.60257206,21.55544908,17.272734,16.163277,15.864595,15.756016,15.751647,8.523879E-3,3.722519E-3,4.022894E-3,4.572602E-3,6.177488E-3
587732156849652120,2888,40,3,25,408,6,114.59817548,21.55533326,17.195887,16.082081,15.792457,15.711153,15.682903,8.712821E-3,3.798364E-3,4.048968E-3,4.630158E-3,6.209778E-3
587732156849652233,2888,40,3,25,521,6,114.5905615,21.55476789,15.843602,14.697605,14.466052,14.404662,14.430198,4.90569E-3,3.275716E-3,3.698254E-3,4.217096E-3,4.398734E-3
587732156849652235,2888,40,3,25,523,6,114.58773345,21.55659696,21.614986,20.648813,20.320648,20.211893,20.340225,0.134394,0.027356,0.027001,0.032331,0.129244
587732156849652236,2888,40,3,25,524,6,114.58865604,21.55638043,24.841028,23.628906,21.999027,20.827406,20.137255,0.926733,0.324803,0.108217,0.054279,0.109997
587732156849652273,2888,40,3,25,561,6,114.61021372,21.59427413,16.809862,15.665623,15.426702,15.361773,15.392342,6.976509E-3,3.522252E-3,3.902056E-3,4.407198E-3,5.524674E-3
587732156849652318,2888,40,3,25,606,6,114.57752621,21.58268104,15.543462,14.470875,15.412309,15.546692,14.168612,4.999219E-3,4.09506E-3,0.012772,0.014143,5.764551E-3
587732156849652319,2888,40,3,25,607,6,114.57959053,21.57930325,15.505934,14.341167,14.442891,14.857154,14.184391,4.641835E-3,3.465852E-3,8.20719E-3,0.012455,4.690401E-3
587732156849652320,2888,40,3,25,608,6,114.57920019,21.58008329,16.204338,15.164787,14.862414,14.792115,14.867935,5.932307E-3,3.443989E-3,3.645212E-3,4.173378E-3,4.9313E-3
587732156849652321,2888,40,3,25,609,6,114.58357045,21.58122488,18.285934,17.100105,16.660042,16.521578,16.73963,0.014068,4.522359E-3,4.538782E-3,5.158174E-3,9.337992E-3
587732156849652323,2888,40,3,25,611,3,114.57771148,21.58279667,24.617983,17.559029,16.258963,17.470261,16.218189,6.479264,8.878986E-3,0.014232,0.021671,0.010724
587732156849652325,2888,40,3,25,613,6,114.58274031,21.58045439,22.534109,19.67449,18.569103,18.025309,18.024258,0.313096,0.016412,9.244602E-3,8.129216E-3,0.020865
587732156849652326,2888,40,3,25,614,3,114.57826985,21.58292037,22.474146,20.580437,18.896765,18.581827,18.770706,0.507541,0.106814,0.018939,0.015706,0.047987
587732156849652330,2888,40,3,25,618,3,114.58202154,21.57932303,25.069387,24.945978,21.898682,20.849157,20.187912,1.00404,0.760641,0.116869,0.064468,0.134326
587732156849652332,2888,40,3,25,620,3,114.58119181,21.58108914,25.422995,24.926146,21.152863,20.647665,20.040709,1.191033,1.057679,0.085359,0.075959,0.165737
587732156849652413,2888,40,3,25,701,6,114.58410971,21.58777898,15.843488,14.705154,14.460153,14.382292,14.400846,4.873377E-3,3.291598E-3,3.715854E-3,4.280614E-3,4.410354E-3
587732156849652417,2888,40,3,25,705,6,114.58177931,21.58961935,16.784126,15.683079,15.339869,15.314154,15.26727,7.759836E-3,3.707092E-3,3.870921E-3,4.516569E-3,5.469691E-3
587732156849652430,2888,40,3,25,718,6,114.58591994,21.58714912,20.62536,18.682655,17.977203,17.699677,17.60807,0.062982,8.196512E-3,6.736998E-3,7.079826E-3,0.015683
587732156849652432,2888,40,3,25,720,6,114.58472044,21.59038943,23.385925,20.981438,19.699537,19.152689,18.816031,0.574614,0.035596,0.017204,0.015037,0.036595
587732156849652526,2888,40,3,25,814,6,114.5975842,21.59536273,15.891274,14.794602,14.5626,14.492624,14.500008,4.928361E-3,3.337045E-3,3.746149E-3,4.234429E-3,4.400522E-3
587732156849652527,2888,40,3,25,815,6,114.59361171,21.5933649,16.491385,15.391942,15.179872,15.11925,15.155019,6.102213E-3,3.451713E-3,3.845664E-3,4.346541E-3,5.129412E-3
587732156849652529,2888,40,3,25,817,6,114.5930464,21.5908529,17.151661,16.059269,15.771536,15.669305,15.670134,8.043256E-3,3.678988E-3,4.021857E-3,4.520118E-3,6.039538E-3
587732156849652531,2888,40,3,25,819,6,114.59079181,21.59310033,20.328827,18.570368,17.892265,17.637789,17.508572,0.050355,7.706312E-3,6.462688E-3,6.873517E-3,0.014612
587732156849652533,2888,40,3,25,821,6,114.60234837,21.59222597,20.711954,18.747244,18.023104,17.771393,17.671307,0.066674,8.44306E-3,6.855424E-3,7.230091E-3,0.016328
587732156849652534,2888,40,3,25,822,6,114.60111421,21.59472395,22.830618,19.71162,18.46674,17.959711,17.664204,0.382251,0.014824,8.415254E-3,7.881082E-3,0.01655
587732156849652536,2888,40,3,25,824,6,114.60138155,21.59425985,24.582655,21.125769,19.734364,19.152908,18.827375,0.948336,0.041696,0.019003,0.015874,0.037608
587732156849652537,2888,40,3,25,825,6,114.58951358,21.59344783,24.065819,21.249561,19.938267,19.344786,19.072771,0.858867,0.04392,0.020444,0.017009,0.044951
587732156849652538,2888,40,3,25,826,6,114.59943002,21.59494232,24.41927,21.73484,20.293692,19.641014,19.312313,0.933559,0.064748,0.026391,0.020921,0.053979
587732156849652542,2888,40,3,25,830,6,114.59604748,21.59194544,25.595221,23.178608,21.939671,20.829666,20.17211,0.653285,0.218801,0.100497,0.052329,0.110742
587732156849652544,2888,40,3,25,832,6,114.59486331,21.59331278,25.100271,25.118519,22.520454,22.002565,20.975813,0.856862,0.642131,0.167338,0.143313,0.218095
587732156849652557,2888,40,3,25,845,6,114.62236208,21.57526726,14.591812,12.207644,15.01317,11.85056,13.453501,5.324712E-3,9.200608E-4,0.011322,5.073151E-4,6.534945E-3
587732156849652558,2888,40,3,25,846,6,114.61464152,21.586337,16.880909,15.772206,15.511287,15.443158,15.454877,7.112857E-3,3.573711E-3,3.945442E-3,4.44809E-3,5.602231E-3
587732156849652560,2888,40,3,25,848,6,114.62278495,21.57421361,18.030945,16.693258,16.279396,16.150162,16.269691,0.016356,4.60628E-3,4.396717E-3,4.838014E-3,8.88235E-3
587732156849652565,2888,40,3,25,853,6,114.6181754,21.57609745,18.918653,17.520498,17.027142,16.802469,16.743208,0.020221,5.056031E-3,4.919658E-3,5.275297E-3,9.516407E-3
587732156849652566,2888,40,3,25,854,6,114.61932623,21.57438782,18.708044,17.419634,16.963955,16.798613,16.729616,0.017912,4.954276E-3,4.871225E-3,5.320255E-3,9.480144E-3
587732156849652568,2888,40,3,25,856,6,114.61738646,21.57385258,19.513882,18.018995,17.464481,17.227819,17.165981,0.029295,6.08643E-3,5.613331E-3,5.934302E-3,0.01206
587732156849652569,2888,40,3,25,857,6,114.61621306,21.58444023,20.181139,18.407938,17.748016,17.493418,17.360132,0.046267,7.291846E-3,6.263775E-3,6.598082E-3,0.013704
587732156849652570,2888,40,3,25,858,6,114.62080517,21.58218027,21.192028,18.914232,17.943941,17.574835,17.39402,0.096433,9.171738E-3,6.624994E-3,6.668761E-3,0.013703
587732156849652571,2888,40,3,25,859,6,114.61822902,21.58222288,20.553652,18.704065,17.994837,17.717981,17.615294,0.059513,8.242499E-3,6.751727E-3,7.044403E-3,0.015696
587732156849652572,2888,40,3,25,860,6,114.61268663,21.58673826,20.682182,18.74942,18.017935,17.726055,17.580599,0.065537,8.455467E-3,6.852112E-3,7.105708E-3,0.015463
587732156849652573,2888,40,3,25,861,6,114.61547473,21.58458568,21.931664,19.380568,18.48073,18.153872,17.954079,0.177811,0.012804,8.836878E-3,8.82822E-3,0.020202
587732156849652574,2888,40,3,25,862,6,114.61861796,21.57365595,22.503828,19.779552,18.824554,18.413443,18.260073,0.286825,0.015872,0.010308,9.936733E-3,0.024458
587732156849652575,2888,40,3,25,863,6,114.61728407,21.58425978,23.302473,20.505644,19.121609,18.531578,18.237881,0.543941,0.025323,0.012171,0.010407,0.024
587732156849653224,2888,40,3,25,1512,6,114.57600183,21.57186832,21.438667,19.252989,18.405884,18.104975,17.931335,0.11638,0.011026,8.117579E-3,8.383155E-3,0.019366
587732156849653229,2888,40,3,25,1517,6,114.57880275,21.57159278,20.40641,18.564539,17.901564,17.655403,17.531183,0.05291,7.701805E-3,6.505501E-3,6.989708E-3,0.014985
587732156849653230,2888,40,3,25,1518,6,114.57834601,21.57255469,23.014347,20.2029,19.102592,18.686293,18.511223,0.426845,0.020227,0.011843,0.011432,0.029113
587732156849653231,2888,40,3,25,1519,6,114.57800789,21.57386438,22.728367,20.733303,19.474506,18.959984,18.736851,0.338852,0.029366,0.014881,0.013342,0.034478
587732156849653232,2888,40,3,25,1520,6,114.57813508,21.57116644,25.242186,24.995735,22.363911,21.178169,21.666739,0.789341,0.640336,0.153399,0.074332,0.381855
587732156849653266,2888,40,3,25,1554,6,114.61873842,21.56471377,23.173452,20.867561,19.384193,18.713102,18.290823,0.490318,0.032956,0.014162,0.011573,0.025086
587732156849653475,2888,40,3,25,1763,6,114.61633204,21.56629365,24.096115,22.4109,20.561094,19.866608,19.524332,0.866928,0.1127,0.033369,0.02531,0.064787
587732156849653487,2888,40,3,25,1775,6,114.6127957,21.59033872,24.813538,21.657215,20.240665,19.604946,19.10936,0.956444,0.060335,0.025324,0.020299,0.046268
587732156849653488,2888,40,3,25,1776,6,114.61382798,21.58989097,24.40584,26.467182,24.501801,21.670645,20.937443,0.94486,0.332007,0.641194,0.106644,0.211891
587732156849653594,2888,40,3,25,1882,6,114.61756648,21.58845462,23.501287,22.132645,20.674049,19.871439,19.488174,0.625296,0.088733,0.035249,0.02521,0.062625
587732156849653755,2888,40,3,25,2043,6,114.59505744,21.55274687,24.669237,23.166302,21.530411,20.40469,20.018526,0.952954,0.215801,0.071874,0.037842,0.098325
587732156849653787,2888,40,3,25,2075,6,114.62247779,21.5667478,25.019062,22.791946,21.148079,20.226494,19.675022,0.884144,0.153966,0.051873,0.032459,0.073109
587732156849654217,2888,40,3,25,2505,6,114.57700847,21.5655635,23.478945,23.289709,22.708241,22.15032,21.866184,0.625437,0.251486,0.20526,0.172616,0.457033
587732156849654228,2888,40,3,25,2516,3,114.60496305,21.55225346,27.11101,27.365705,25.882483,19.784773,25.462713,0.722571,0.646739,1.940579,0.093139,0.469173
587732156849654229,2888,40,3,25,2517,6,114.5998577,21.55757694,25.97542,26.656422,25.198534,22.661003,22.028275,0.493486,0.28715,0.632962,0.258076,0.480561
587732156849654246,2888,40,3,25,2534,6,114.61660524,21.56432261,26.223997,26.840906,23.587317,21.900057,21.230783,0.397107,0.239526,0.402253,0.131616,0.271557
587732156849654249,2888,40,3,25,2537,6,114.58980315,21.59049281,23.9785,24.309822,23.629332,21.568575,21.047762,0.81306,0.509335,0.406283,0.098113,0.232162
587732156849652023,2888,40,3,25,311,6,114.57542793,21.55214888,24.609158,24.376118,22.289406,21.521837,20.691017,0.924892,0.518985,0.135738,0.094739,0.173654
587732156849652104,2888,40,3,25,392,6,114.61167361,21.55208692,15.351418,14.185332,14.920688,15.815104,14.028215,4.417875E-3,3.448953E-3,0.011943,0.01385,4.816706E-3
587732156849652107,2888,40,3,25,395,6,114.61353584,21.55459581,16.214251,15.934084,15.190031,15.150147,13.629441,7.419854E-3,0.016654,0.011625,0.012617,6.612245E-3
587732156849652109,2888,40,3,25,397,6,114.60751756,21.54984797,16.069948,14.956042,14.749648,14.68565,14.722365,5.265302E-3,3.326862E-3,3.739148E-3,4.245421E-3,4.632546E-3
587732156849652110,2888,40,3,25,398,6,114.59697618,21.54912397,16.459822,14.90468,14.484717,14.510916,13.840906,6.243897E-3,3.634803E-3,0.011375,0.01184,4.296015E-3
587732156849652117,2888,40,3,25,405,6,114.60077494,21.54832061,16.148329,14.478314,10.351397,11.001094,10.507596,9.042659E-3,0.010133,5.279859E-4,1.311232E-3,1.721648E-3
587732156849652121,2888,40,3,25,409,6,114.61631264,21.55623893,17.257816,16.166006,15.842966,15.777193,16.116409,8.474472E-3,3.793361E-3,4.057486E-3,4.6695E-3,7.668811E-3
587732156849652123,2888,40,3,25,411,6,114.61896716,21.5601469,17.696516,16.541241,16.192348,16.06646,16.037916,0.010475,3.996191E-3,4.213608E-3,4.709893E-3,6.884171E-3
587732156849652124,2888,40,3,25,412,6,114.6186158,21.55805222,18.582327,17.300541,16.864937,16.698841,16.645578,0.016741,4.735856E-3,4.775436E-3,5.24279E-3,9.069182E-3
587732156849652125,2888,40,3,25,413,6,114.61980601,21.56113429,18.9956,17.610384,17.10607,16.924345,16.863558,0.021357,5.450777E-3,5.116792E-3,5.618074E-3,0.01025
587732156849652131,2888,40,3,25,419,6,114.58187357,21.54686143,20.179211,18.844328,18.362957,18.205294,18.159554,0.045748,8.78825E-3,8.026359E-3,8.94247E-3,0.023495
587732156849652132,2888,40,3,25,420,6,114.58215052,21.54650638,24.529221,21.470762,19.324991,18.645817,18.296053,0.922873,0.057878,0.014319,0.011475,0.025647
587732156849652139,2888,40,3,25,427,6,114.57438667,21.55653618,15.605106,14.495233,14.2734,14.205132,14.234737,4.590088E-3,3.242482E-3,3.694498E-3,4.164177E-3,4.254454E-3
587732156849652140,2888,40,3,25,428,6,114.57819177,21.5599687,16.422829,15.305099,15.07292,14.998268,15.010277,5.987236E-3,3.358843E-3,3.798489E-3,4.281592E-3,4.908901E-3
587732156849652141,2888,40,3,25,429,6,114.57502912,21.56148268,16.868185,15.648142,15.237138,15.079273,15.045254,7.105704E-3,3.477909E-3,3.827322E-3,4.292033E-3,4.938549E-3
587732156849652142,2888,40,3,25,430,6,114.57737692,21.56341116,17.404524,16.284639,15.965182,15.861728,15.859221,9.044192E-3,3.750066E-3,4.06773E-3,4.612998E-3,6.446024E-3
587732156849652143,2888,40,3,25,431,6,114.57805887,21.55924596,20.67976,18.513342,17.558386,17.319172,17.164589,0.067215,0.011025,6.659621E-3,6.909596E-3,0.013335
587732156849652144,2888,40,3,25,432,6,114.57244121,21.55859348,20.228464,18.467882,17.810541,17.55636,17.43775,0.046014,7.310173E-3,6.246257E-3,6.642533E-3,0.014057
587732156849652145,2888,40,3,25,433,6,114.57994499,21.55853004,21.636187,19.202848,18.143009,17.742363,17.525518,0.136301,0.010739,7.174179E-3,7.184729E-3,0.014937
587732156849652146,2888,40,3,25,434,6,114.57573252,21.55940386,21.732901,19.5543,18.602894,18.268169,18.10001,0.147598,0.013206,8.924116E-3,9.066702E-3,0.021775
587732156849652147,2888,40,3,25,435,6,114.57783568,21.55773398,24.489985,20.420717,19.14406,18.552494,18.257393,0.922341,0.023331,0.012098,0.010501,0.024288
587732156849652148,2888,40,3,25,436,6,114.57066761,21.55947879,24.675678,21.849869,20.337002,19.655365,19.283615,0.927693,0.07046,0.027027,0.021076,0.05316
587732156849652149,2888,40,3,25,437,6,114.57634392,21.56250795,25.130182,23.86833,22.454031,21.756336,21.153074,0.830719,0.381368,0.15763,0.116315,0.254812
587732156849652172,2888,40,3,25,460,6,114.56819436,21.57569007,19.256037,17.899033,17.249846,17.089392,17.087103,0.024964,5.915988E-3,5.153988E-3,5.770567E-3,0.011725
587732156849652173,2888,40,3,25,461,6,114.57161244,21.57799255,20.436535,18.465315,17.642641,17.309521,17.163374,0.054032,7.33494E-3,5.883651E-3,6.115356E-3,0.011972
587732156849652177,2888,40,3,25,465,6,114.56820145,21.57619154,21.308832,19.496071,18.894236,18.451513,18.123913,0.121021,0.014973,0.012043,0.011115,0.024441
587732156849652188,2888,40,3,25,476,6,114.56974254,21.57640509,25.166502,23.756029,21.789635,20.695477,20.207497,0.817018,0.349534,0.087477,0.046954,0.113533
587732156849652219,2888,40,3,25,507,6,114.58261944,21.55358061,19.820444,17.988251,17.269783,17.019733,16.891991,0.037757,6.053641E-3,5.284984E-3,5.661926E-3,0.010507
587732156849652222,2888,40,3,25,510,6,114.57209316,21.56931344,16.453613,15.331825,15.113037,15.041302,15.057321,6.070056E-3,3.369817E-3,3.814419E-3,4.303375E-3,4.974861E-3
587732156849652223,2888,40,3,25,511,6,114.56969961,21.56586987,16.835539,15.755713,15.505493,15.425902,15.443954,7.043518E-3,3.51122E-3,3.909708E-3,4.399915E-3,5.546569E-3
587732156849652224,2888,40,3,25,512,3,114.57187796,21.56975379,21.112453,25.115713,24.804266,24.36941,17.840261,0.233867,0.919758,0.977248,0.924374,0.029065
587732156849652225,2888,40,3,25,513,6,114.5733889,21.56898958,22.178829,20.546221,20.076414,19.898197,19.80068,0.21463,0.026072,0.022619,0.025302,0.081165
587732156849652226,2888,40,3,25,514,6,114.56860707,21.56672705,24.46755,24.657909,24.807985,24.36994,21.055662,0.959626,0.610405,0.685382,0.632748,0.243258
587732156849652230,2888,40,3,25,518,6,114.56564076,21.56986043,17.56048,16.443878,16.118467,16.012638,16.003996,0.012231,7.063071E-3,8.47673E-3,9.623499E-3,0.011499
587732156849652234,2888,40,3,25,522,6,114.58692033,21.55332157,15.96597,14.856548,14.634668,14.58087,14.608451,5.104318E-3,3.285693E-3,3.713656E-3,4.22906E-3,4.530532E-3
587732156849652237,2888,40,3,25,525,6,114.58555442,21.55094944,24.211792,24.138355,22.282171,21.008724,20.145374,0.883413,0.451999,0.13536,0.061406,0.108955
587732156849652262,2888,40,3,25,550,6,114.61200746,21.59612428,14.816875,14.654167,14.613209,14.277263,13.686811,5.786767E-3,0.010662,0.011969,0.012619,7.583509E-3
587732156849652282,2888,40,3,25,570,6,114.60903544,21.54485469,19.210518,17.728569,17.202007,17.00647,16.971237,0.024266,5.426697E-3,5.142689E-3,5.592506E-3,0.01076
587732156849652283,2888,40,3,25,571,6,114.6103177,21.54555498,23.067141,20.27079,19.070442,18.687759,18.347473,0.447254,0.020809,0.011626,0.011282,0.025958
587732156849652303,2888,40,3,25,591,6,114.61402746,21.54534464,24.884138,22.227827,20.751579,19.336525,18.613928,0.913901,0.105176,0.041417,0.019214,0.033876
587732156849652322,2888,40,3,25,610,6,114.57645912,21.58294626,18.390951,17.185858,16.685589,16.519505,16.526127,0.019061,5.920142E-3,4.645874E-3,5.037826E-3,9.642259E-3
587732156849652324,2888,40,3,25,612,6,114.575626,21.5856281,19.745779,18.16293,17.582191,17.342712,17.254938,0.033878,6.415305E-3,5.762615E-3,6.206186E-3,0.012622
587732156849652328,2888,40,3,25,616,3,114.57499853,21.58217965,22.521723,22.278492,20.400412,19.435612,18.999325,0.685473,0.252188,0.067898,0.041644,0.101995
587732156849652329,2888,40,3,25,617,3,114.57825826,21.58531917,22.882719,24.741301,21.111599,20.444075,19.978912,0.509185,0.832298,0.067202,0.052623,0.128739
587732156849652331,2888,40,3,25,619,3,114.57414066,21.586113,26.404732,26.371038,22.038179,21.05805,20.482939,0.437944,0.476523,0.14704,0.087069,0.192937
587732156849652334,2888,40,3,25,622,3,114.57553026,21.58058223,23.580673,22.033113,22.753735,21.586227,24.285698,1.329346,0.164604,0.474098,0.24929,0.691115
587732156849652415,2888,40,3,25,703,6,114.57828545,21.59256189,16.229475,15.11774,14.904737,14.84495,14.873817,5.540237E-3,3.367419E-3,3.785037E-3,4.347771E-3,4.782437E-3
587732156849652418,2888,40,3,25,706,6,114.58045716,21.58944332,15.280291,14.838566,14.981215,15.836674,13.994648,4.509403E-3,0.010876,0.011658,0.013817,5.237641E-3
587732156849652419,2888,40,3,25,707,6,114.58049313,21.59235568,17.50989,16.374369,16.051987,15.942788,15.940561,9.488471E-3,3.894226E-3,4.149777E-3,4.735826E-3,6.640444E-3
587732156849652422,2888,40,3,25,710,3,114.58014725,21.58924086,24.617746,25.110752,17.286478,17.02486,22.673838,1.157398,0.801065,0.018577,0.017283,0.760635
587732156849652431,2888,40,3,25,719,6,114.58024889,21.59538059,22.910982,20.737049,19.343744,18.720448,18.37137,0.391692,0.029327,0.013617,0.011541,0.026133
587732156849652433,2888,40,3,25,721,6,114.5782903,21.58795754,23.74509,21.581442,20.339216,19.6556,19.290745,0.718174,0.056756,0.027207,0.021163,0.05332
587732156849652434,2888,40,3,25,722,6,114.58042633,21.59439492,22.929207,21.988745,20.517107,19.804211,19.464914,0.399054,0.079685,0.031052,0.023416,0.06107
587732156849652441,2888,40,3,25,729,6,114.62324595,21.55355278,17.245054,16.13936,15.832475,15.744484,15.745082,8.489828E-3,3.731875E-3,4.031023E-3,4.588928E-3,6.159158E-3
587732156849652450,2888,40,3,25,738,6,114.57586395,21.59573777,25.168747,26.009317,25.252792,22.116394,21.127552,0.82665,0.467395,0.600271,0.156007,0.24616
587732156849652499,2888,40,3,25,787,6,114.5822163,21.5984279,15.874195,14.76499,14.545421,14.484044,14.51245,4.910099E-3,3.312563E-3,3.74605E-3,4.285534E-3,4.483469E-3
587732156849652500,2888,40,3,25,788,6,114.58067324,21.59809015,18.556339,17.041155,16.515852,16.314829,16.241581,0.016643,4.718304E-3,4.454239E-3,4.947287E-3,7.549194E-3
587732156849652501,2888,40,3,25,789,6,114.58248294,21.6009586,21.123787,19.044603,18.276363,17.980141,17.842766,0.091371,9.804695E-3,7.605575E-3,7.9098E-3,0.018088
587732156849652502,2888,40,3,25,790,6,114.58327553,21.59903292,24.582134,22.306721,21.766991,20.662745,20.297962,0.939072,0.113411,0.090473,0.046642,0.122559
587732156849652517,2888,40,3,25,805,6,114.62554278,21.55991469,17.638586,16.517258,16.177662,16.07906,16.03867,0.010195,3.949719E-3,4.215334E-3,4.805585E-3,6.910877E-3
587732156849652518,2888,40,3,25,806,6,114.62409334,21.55821242,25.811169,26.057365,23.156919,22.336647,21.123648,0.548923,0.432762,0.285777,0.190247,0.249223
587732156849652521,2888,40,3,25,809,6,114.6287127,21.5585776,17.865482,16.688456,16.321131,16.20837,16.187145,0.011461,4.079656E-3,4.28116E-3,4.808619E-3,7.341251E-3
587732156849652522,2888,40,3,25,810,6,114.62786834,21.55744759,23.5371,25.085791,22.419247,21.179451,20.461823,0.65905,0.624018,0.156308,0.071959,0.14549
587732156849652525,2888,40,3,25,813,6,114.59149892,21.59746369,15.347995,18.676405,15.572957,25.383972,12.26828,4.456433E-3,0.037385,0.013108,1.899698,4.896381E-3
587732156849652528,2888,40,3,25,816,3,114.59052896,21.59673016,17.399803,15.824714,15.588432,15.382628,15.062199,0.014789,3.452367E-3,3.979834E-3,4.352829E-3,5.570472E-3
587732156849652530,2888,40,3,25,818,6,114.58897739,21.6011887,17.987549,16.80842,16.435946,16.308903,16.28347,0.012063,4.179155E-3,4.360923E-3,4.876619E-3,7.621096E-3
587732156849652532,2888,40,3,25,820,6,114.5894198,21.59593979,20.230684,18.510191,17.827436,17.548971,17.452579,0.047296,7.634244E-3,6.338125E-3,6.785268E-3,0.014232
587732156849652535,2888,40,3,25,823,3,114.59108319,21.59913798,21.688643,17.009924,16.034351,15.790925,16.102148,1.014559,0.010863,6.908575E-3,7.066739E-3,0.023725
587732156849652539,2888,40,3,25,827,6,114.58921238,21.60300002,25.65205,22.745659,21.330891,20.198681,19.678112,0.620053,0.150242,0.059689,0.03133,0.072592
587732156849652540,2888,40,3,25,828,3,114.58698399,21.59793908,26.513306,21.550077,19.970314,19.443384,19.176189,0.632904,0.104033,0.036849,0.032855,0.094264
587732156849652541,2888,40,3,25,829,3,114.59143965,21.60164126,26.515274,21.734888,22.932587,23.199013,19.570362,1.462327,0.276561,1.202824,2.059605,0.312792
587732156849652543,2888,40,3,25,831,3,114.59656172,21.59691469,26.406841,20.591051,19.310143,19.613474,19.787603,2.019266,0.125467,0.056095,0.105659,0.464018
587732156849652545,2888,40,3,25,833,3,114.59368397,21.60025645,23.863457,22.720654,22.249647,20.744535,21.353693,2.107431,0.41277,0.397297,0.145245,0.91611
587732156849652556,2888,40,3,25,844,6,114.62436607,21.58078595,16.019659,15.604628,12.509645,15.652442,13.113647,6.603894E-3,0.01102,1.357137E-3,0.013767,6.523326E-3
587732156849652559,2888,40,3,25,847,6,114.62987115,21.57624486,17.125116,16.003584,15.708925,15.622194,15.621893,7.96527E-3,3.689836E-3,4.026594E-3,4.487387E-3,5.881662E-3
587732156849652561,2888,40,3,25,849,3,114.62400117,21.58052196,24.617064,17.132334,18.768866,17.249842,22.832176,5.154015,0.0165,0.047436,0.0206,5.319651
587732156849652562,2888,40,3,25,850,6,114.62185051,21.58398846,18.444511,16.926435,16.383207,16.241566,16.129164,0.01543,4.317425E-3,4.327646E-3,4.644919E-3,7.173867E-3
587732156849652563,2888,40,3,25,851,6,114.62458323,21.5809709,17.7139,17.325521,24.8013,18.110962,15.780343,0.013327,0.016532,2.830639,0.024308,8.989933E-3
587732156849652564,2888,40,3,25,852,3,114.62429307,21.58066567,24.617292,18.738091,18.435417,18.665712,22.832245,8.54981,0.043153,0.052925,0.06159,8.783429
587732156849652567,2888,40,3,25,855,6,114.62442515,21.57368463,18.897358,17.524122,17.04546,16.865252,16.826721,0.020164,5.126166E-3,4.946518E-3,5.433339E-3,9.966407E-3
587732156849652577,2888,40,3,25,865,6,114.62399256,21.57020973,24.770607,22.887112,21.570269,20.601944,20.057808,0.950286,0.169448,0.073608,0.043269,0.100481
587732156849652578,2888,40,3,25,866,6,114.62560235,21.5848413,25.158859,23.42733,22.018988,20.583797,20.197519,0.899593,0.287111,0.117621,0.046286,0.123139
587732156849652579,2888,40,3,25,867,6,114.62411689,21.57140757,25.498192,22.68634,21.725878,20.690603,20.053972,0.695139,0.142938,0.083873,0.04648,0.100335
587732156849652580,2888,40,3,25,868,6,114.62827728,21.57763343,25.256697,24.142965,22.19569,20.944664,20.37689,0.797566,0.451801,0.125444,0.057437,0.131707
587732156849652583,2888,40,3,25,871,6,114.63003495,21.56764784,15.994956,14.881802,14.668966,14.617783,14.64764,5.111041E-3,3.351166E-3,3.760152E-3,4.232428E-3,4.572549E-3
587732156849652584,2888,40,3,25,872,6,114.62877893,21.56473808,19.103758,17.699116,17.173626,16.981401,16.884493,0.022757,5.376314E-3,5.110221E-3,5.588153E-3,0.010269
587732156849652585,2888,40,3,25,873,6,114.63049492,21.5692915,24.076418,25.103214,21.816816,20.09128,19.582773,0.852368,0.617741,0.09233,0.028926,0.067696
587732156849652586,2888,40,3,25,874,6,114.6308297,21.57015487,24.475359,23.205973,22.439291,21.323141,20.992636,1.008378,0.231061,0.166885,0.085495,0.239107
587732156849652645,2888,40,3,25,933,6,114.59825124,21.5992496,17.609304,16.37467,15.958795,15.812374,15.777551,9.956796E-3,3.855421E-3,4.095992E-3,4.571852E-3,6.224013E-3
587732156849652646,2888,40,3,25,934,6,114.59859456,21.60138676,25.943455,23.282963,22.08596,20.868961,20.429939,0.509668,0.237668,0.113227,0.053728,0.137423
587732156849652647,2888,40,3,25,935,6,114.59725289,21.60130296,23.844542,25.034319,22.860615,22.258665,21.954983,0.775757,0.640212,0.220158,0.175847,0.449893
587732156849652672,2888,40,3,25,960,6,114.59910483,21.60587539,22.018925,22.605238,22.879578,22.269361,21.97084,0.194211,0.137092,0.231386,0.183808,0.469375
587732156849652708,2888,40,3,25,996,6,114.60368714,21.60074988,16.60396,15.510672,15.27102,15.212463,15.455976,6.488398E-3,3.503264E-3,3.857938E-3,4.385883E-3,5.449662E-3
587732156849652720,2888,40,3,25,1008,6,114.62282595,21.58662132,19.425755,17.916216,17.364477,17.181887,17.108736,0.027548,5.827896E-3,5.420567E-3,5.903322E-3,0.01158
587732156849652721,2888,40,3,25,1009,6,114.62353658,21.58722959,24.776222,24.397635,22.024607,21.686764,21.314213,0.945739,0.530102,0.109139,0.108073,0.289155
587732156849652776,2888,40,3,25,1064,6,114.62655479,21.59137317,16.22604,15.123935,14.91122,14.852605,14.875914,5.514486E-3,3.394946E-3,3.811167E-3,4.286062E-3,4.793872E-3
587732156849652777,2888,40,3,25,1065,6,114.62587264,21.58911443,24.831926,23.091948,22.229454,20.74155,19.87244,0.958483,0.202495,0.131866,0.049296,0.087536
587732156849653195,2888,40,3,25,1483,6,114.582574,21.54959528,21.157782,18.990383,18.211763,17.932798,17.774393,0.093093,9.68697E-3,7.520378E-3,7.878247E-3,0.017915
587732156849653201,2888,40,3,25,1489,6,114.56862523,21.56280107,22.833704,20.6063,19.391523,18.894003,18.662384,0.359834,0.026524,0.013982,0.012709,0.032578
587732156849653202,2888,40,3,25,1490,6,114.56967053,21.56264269,24.722313,23.889629,21.992346,20.883047,20.489613,0.918185,0.380968,0.104186,0.054707,0.145251
587732156849653225,2888,40,3,25,1513,6,114.57428602,21.57282311,22.920687,20.473942,19.277102,18.787327,18.520931,0.394677,0.024257,0.013081,0.012025,0.029324
587732156849653474,2888,40,3,25,1762,6,114.61794716,21.55135414,22.920723,21.805069,20.326241,19.717329,19.45668,0.402364,0.066402,0.027217,0.022387,0.061556
587732156849653495,2888,40,3,25,1783,6,114.62047338,21.59763199,24.305777,21.870527,20.36249,19.58396,19.159767,0.917099,0.071252,0.028054,0.020036,0.047639
587732156849653565,2888,40,3,25,1853,6,114.58630083,21.54891738,24.125607,22.277481,20.607485,19.696255,19.174242,0.853892,0.100799,0.033527,0.022142,0.048801
587732156849653567,2888,40,3,25,1855,6,114.57324592,21.56393349,24.931854,23.21797,21.507355,20.016571,19.25565,0.890331,0.225593,0.069062,0.027617,0.051829
587732156849653569,2888,40,3,25,1857,6,114.57300306,21.5660274,26.25564,23.055532,21.420137,20.141594,19.570602,0.386303,0.201311,0.065661,0.030994,0.068661
587732156849653570,2888,40,3,25,1858,6,114.57453281,21.56638682,24.799438,24.8083,23.515306,21.669621,21.079975,0.92715,0.618999,0.374734,0.107397,0.240481
587732156849653596,2888,40,3,25,1884,6,114.60778085,21.59940902,25.587234,22.100807,20.525827,19.798288,19.455925,0.653844,0.086822,0.031194,0.023329,0.060503
587732156849653598,2888,40,3,25,1886,6,114.62897076,21.58788775,24.092842,22.514454,20.91585,20.028011,19.617964,0.866577,0.121687,0.042672,0.027716,0.069491
587732156849653772,2888,40,3,25,2060,6,114.6209024,21.55538713,22.691719,21.779606,21.217194,21.140978,21.244081,0.35697,0.069737,0.059065,0.074745,0.298761
587732156849653791,2888,40,3,25,2079,3,114.62619599,21.56674692,22.396639,21.923819,20.909239,20.258358,19.512587,0.312495,0.09066,0.053224,0.041803,0.07994
587732156849653805,2888,40,3,25,2093,6,114.61831982,21.59183038,25.302525,22.783468,21.234276,20.393148,20.069471,0.790191,0.154675,0.055264,0.036409,0.1014
587732156849654013,2888,40,3,25,2301,6,114.58917759,21.54887185,25.463369,26.479452,22.670525,21.55611,20.804241,0.696414,0.329069,0.189995,0.098643,0.191437
587732156849654028,2888,40,3,25,2316,6,114.57293178,21.59098458,23.95965,23.680603,21.796684,20.863493,20.798019,0.799425,0.327663,0.088303,0.053879,0.187381
587732156849654030,2888,40,3,25,2318,6,114.57340657,21.59327854,23.67761,25.471258,22.516304,22.150373,22.555935,0.709697,0.627725,0.171921,0.170257,0.604402
587732156849654041,2888,40,3,25,2329,6,114.6258758,21.55752059,26.084497,23.832132,21.658197,20.779863,20.203558,0.44113,0.358951,0.080201,0.05108,0.115704
587732156849654046,2888,40,3,25,2334,6,114.62408205,21.56455008,26.494726,24.094288,21.77812,20.717691,19.997341,0.309686,0.430627,0.08823,0.047987,0.096106
587732156849654064,2888,40,3,25,2352,6,114.61932945,21.58877361,24.895815,25.027058,22.415339,21.468637,20.881891,0.925292,0.632821,0.15189,0.089174,0.20247
587732156849654072,2888,40,3,25,2360,6,114.6230287,21.5932956,23.856436,23.989302,22.018339,20.811251,20.055229,0.767189,0.404287,0.107245,0.050962,0.100169
587732156849654213,2888,40,3,25,2501,6,114.59119385,21.5464586,25.584999,24.235703,23.091429,21.305058,20.494715,0.650877,0.479207,0.271283,0.079493,0.147008
587732156849654219,2888,40,3,25,2507,6,114.57039945,21.57180577,25.689278,25.892735,23.538506,21.997057,22.33794,0.598006,0.502523,0.379506,0.141929,0.546654
587732156849654226,2888,40,3,25,2514,3,114.57259751,21.58029227,26.232006,27.27487,22.561205,21.275684,20.896351,0.763684,0.333348,0.34307,0.157192,0.409955
587732156849654232,2888,40,3,25,2520,3,114.57315018,21.58341135,27.520222,26.171387,20.66186,20.16914,25.113214,0.589935,2.041522,0.154156,0.143756,0.750161
587732156849654236,2888,40,3,25,2524,6,114.61782506,21.54735428,24.429787,24.175508,23.617092,22.345304,21.47345,0.950854,0.451623,0.409611,0.1933,0.330332
587732156849654239,2888,40,3,25,2527,6,114.62045443,21.54924897,25.277117,26.328526,24.711693,22.496195,21.63711,0.786892,0.356933,0.663545,0.21959,0.373649
587732156849654255,2888,40,3,25,2543,6,114.6266874,21.57256365,26.421925,24.266846,23.03096,21.451582,20.987648,0.350164,0.498564,0.270611,0.09349,0.233363
587732156849654258,2888,40,3,25,2546,6,114.59386695,21.60465966,25.728691,23.764986,23.373199,22.144079,21.490574,0.614175,0.363126,0.351528,0.167805,0.343781
587732156849654273,2888,40,3,25,2561,6,114.61747805,21.59976764,23.705576,23.136763,22.903883,21.864567,21.534929,0.704691,0.207473,0.227165,0.124134,0.337978
587732156849651950,2888,40,3,25,238,6,114.57595982,21.53504644,15.644536,15.342414,14.892788,12.171426,13.189363,6.392813E-3,0.010757,0.010931,1.036197E-3,6.91947E-3
587732156849651952,2888,40,3,25,240,6,114.5746604,21.5361223,18.07004,16.924507,16.516174,16.395283,16.828035,0.012825,4.547051E-3,4.610822E-3,5.156488E-3,0.011101
587732156849651954,2888,40,3,25,242,3,114.57507196,21.53459436,20.941658,18.630493,17.901308,17.525265,22.830866,0.085787,0.012256,8.793854E-3,7.991123E-3,0.611531
587732156849651958,2888,40,3,25,246,3,114.58127907,21.53445893,25.037703,24.716572,22.995937,22.001196,23.090261,1.013248,0.712955,0.305849,0.178361,0.721918
587732156849651960,2888,40,3,25,248,3,114.57205403,21.53707657,22.783232,24.592611,23.864721,21.206711,23.882969,0.799599,1.412736,1.269032,0.207825,1.07332
587732156849651984,2888,40,3,25,272,6,114.58758828,21.53355339,20.179747,18.229725,17.372391,17.042603,16.873652,0.045014,6.572934E-3,5.377636E-3,5.668188E-3,0.0102
587732156849651986,2888,40,3,25,274,6,114.58581764,21.53208266,24.130222,21.917543,20.597416,19.075144,18.354855,0.859258,0.073661,0.033296,0.014326,0.026275
587732156849651987,2888,40,3,25,275,6,114.58436699,21.53006626,24.052467,22.396345,20.949289,19.980791,19.601124,0.835734,0.11137,0.044659,0.027335,0.070679
587732156849651995,2888,40,3,25,283,6,114.56711988,21.54187056,18.873283,17.543413,17.057026,16.869017,16.835325,0.019537,5.064068E-3,4.916481E-3,5.4279E-3,0.010016
587732156849651996,2888,40,3,25,284,3,114.56572055,21.54062491,21.23431,20.83078,20.312317,20.545147,20.220436,0.108239,0.034145,0.029556,0.048439,0.135619
587732156849651997,2888,40,3,25,285,3,114.56589273,21.54205395,23.530815,22.440973,21.588919,21.006618,21.105877,0.868085,0.164536,0.107819,0.090258,0.363214
587732156849652010,2888,40,3,25,298,6,114.55532048,21.55546219,19.631563,18.093275,17.51152,17.299759,17.217798,0.030749,6.186198E-3,5.628351E-3,6.099472E-3,0.012307
587732156849652016,2888,40,3,25,304,6,114.57391643,21.54563474,16.001535,14.876709,14.666539,14.607897,14.630684,5.175164E-3,3.30606E-3,3.737609E-3,4.213112E-3,4.508697E-3
587732156849652017,2888,40,3,25,305,6,114.57124332,21.54338834,16.20434,15.100903,14.886654,14.821493,14.856702,5.551169E-3,3.340385E-3,3.775141E-3,4.244398E-3,4.726514E-3
587732156849652018,2888,40,3,25,306,6,114.57433242,21.5495841,17.79207,16.65498,16.299414,16.17893,16.158871,0.010899,4.016151E-3,4.262216E-3,4.777173E-3,7.238068E-3
587732156849652019,2888,40,3,25,307,6,114.57552257,21.55113673,19.02424,17.939436,17.593327,17.479515,17.459995,0.021343,5.835222E-3,5.788682E-3,6.466078E-3,0.014292
587732156849652020,2888,40,3,25,308,6,114.57357001,21.55138567,21.721916,19.597954,18.662752,18.296904,18.107822,0.144535,0.013457,9.196348E-3,9.168812E-3,0.02186
587732156849652021,2888,40,3,25,309,6,114.57286424,21.54674202,23.453836,20.251787,19.157856,18.69404,18.537781,0.577954,0.021416,0.012358,0.011377,0.029766
587732156849652022,2888,40,3,25,310,6,114.57074979,21.54571459,23.046465,23.464947,22.779978,21.228922,20.658558,0.430161,0.271995,0.205745,0.073293,0.168475
587732156849652026,2888,40,3,25,314,6,114.56415281,21.5517883,16.367018,15.268631,15.049848,14.987505,15.017703,5.875647E-3,3.384157E-3,3.815826E-3,4.284736E-3,4.923891E-3
587732156849652027,2888,40,3,25,315,6,114.56555375,21.55384967,24.19912,21.701015,20.236717,19.550591,19.186235,0.861252,0.061821,0.024929,0.019456,0.049111
587732156849652035,2888,40,3,25,323,6,114.55114379,21.56521133,19.467632,17.941183,17.392977,17.189407,17.127802,0.028336,5.99235E-3,5.450115E-3,5.899312E-3,0.011832
587732156849652038,2888,40,3,25,326,6,114.56623008,21.55855394,18.604671,17.266077,16.748274,16.547085,16.477245,0.016708,4.647461E-3,4.593895E-3,5.028886E-3,8.32619E-3
587732156849652039,2888,40,3,25,327,6,114.56054947,21.55760606,18.089991,17.047079,16.812023,16.720783,16.723925,0.012688,4.380179E-3,4.665838E-3,5.232962E-3,9.432759E-3
587732156849652040,2888,40,3,25,328,6,114.56092326,21.55486848,21.608566,19.161989,18.131109,17.743637,17.565928,0.132342,0.010424,7.107757E-3,7.119187E-3,0.015245
587732156849652041,2888,40,3,25,329,6,114.56401029,21.55788327,20.822977,18.837793,18.101217,17.81222,17.674578,0.070545,8.764855E-3,7.016566E-3,7.302664E-3,0.016304
587732156849652042,2888,40,3,25,330,6,114.56233769,21.55591206,22.33112,19.978487,18.835163,18.320482,18.060728,0.239892,0.017095,0.010032,9.211869E-3,0.02107
587732156849652043,2888,40,3,25,331,6,114.56197768,21.55957077,23.554281,22.228096,20.604408,19.654989,19.141108,0.627025,0.096825,0.033123,0.021026,0.047484
587732156849652044,2888,40,3,25,332,6,114.55987344,21.55904282,23.812519,23.227489,21.306456,20.153152,19.529125,0.735351,0.228349,0.058822,0.030884,0.065586
587732156849652053,2888,40,3,25,341,6,114.57853456,21.54196783,18.940313,17.572283,17.08983,16.987314,16.863825,0.020282,5.140418E-3,4.983328E-3,5.430822E-3,0.010174
587732156849652054,2888,40,3,25,342,6,114.57768694,21.54071399,24.85914,24.63945,22.925961,21.023005,20.178034,0.920687,0.591267,0.240232,0.06343,0.114452
587732156849652070,2888,40,3,25,358,6,114.61568208,21.53150125,22.516703,20.899223,19.525173,19.007519,18.752817,0.284662,0.032213,0.015298,0.013669,0.03528
587732156849652094,2888,40,3,25,382,6,114.55416215,21.56901221,18.818874,17.390009,16.868509,16.656862,16.583887,0.019324,4.865559E-3,4.700184E-3,5.141662E-3,8.965837E-3
587732156849652097,2888,40,3,25,385,6,114.55112396,21.57172267,18.511683,17.269619,16.825169,16.660187,16.621469,0.015903,4.664309E-3,4.680601E-3,5.175078E-3,8.915896E-3
587732156849652098,2888,40,3,25,386,6,114.55026655,21.57304473,25.372646,24.429874,24.214062,21.989027,21.052788,0.785112,0.573816,0.625822,0.155251,0.253758
587732156849652100,2888,40,3,25,388,6,114.60081426,21.52774462,19.542974,18.038561,17.467861,17.254097,17.16007,0.030605,6.194444E-3,5.571814E-3,6.048233E-3,0.012198
587732156849652103,2888,40,3,25,391,6,114.60026114,21.5374205,15.297399,14.929905,14.983361,14.392312,21.181936,5.527204E-3,0.01025,0.011686,0.011283,0.834983
587732156849652106,2888,40,3,25,394,6,114.59873868,21.53681099,16.640011,14.992887,14.35551,14.11997,14.102205,8.121481E-3,3.455609E-3,3.624698E-3,4.059979E-3,4.449034E-3
587732156849652111,2888,40,3,25,399,6,114.59673451,21.53764002,16.19611,15.105304,14.879676,14.811592,14.843379,5.539948E-3,3.398945E-3,3.770425E-3,4.271957E-3,4.718231E-3
587732156849652112,2888,40,3,25,400,6,114.59384935,21.53577833,16.270966,15.128921,14.872157,14.776526,14.782928,5.687023E-3,3.36027E-3,3.768561E-3,4.250694E-3,4.645866E-3
587732156849652115,2888,40,3,25,403,6,114.59361059,21.54132706,17.172525,16.005964,15.636615,15.506042,15.48262,8.178413E-3,3.608781E-3,3.932296E-3,4.421705E-3,5.602936E-3
587732156849652116,2888,40,3,25,404,6,114.60367529,21.53952619,17.016706,15.947159,15.659217,15.588615,15.568063,7.67796E-3,3.639019E-3,3.96805E-3,4.556758E-3,5.773489E-3
587732156849652119,2888,40,3,25,407,3,114.59938795,21.53707236,15.176484,15.217802,15.084559,17.668476,13.454471,4.535043E-3,0.011612,0.012033,0.027248,3.594841E-3
587732156849652126,2888,40,3,25,414,6,114.60386019,21.53497346,18.844666,17.535431,17.03945,16.845358,16.798332,0.019581,5.063875E-3,4.915891E-3,5.372392E-3,9.784775E-3
587732156849652127,2888,40,3,25,415,6,114.59076167,21.54270339,19.780626,17.920784,17.201305,16.938753,16.816864,0.034472,5.811361E-3,5.132348E-3,5.537441E-3,9.908444E-3
587732156849652130,2888,40,3,25,418,6,114.58444319,21.54520157,17.418789,16.074793,15.589296,15.408613,15.350905,9.129536E-3,3.668888E-3,3.935803E-3,4.381691E-3,5.37611E-3
587732156849652161,2888,40,3,25,449,6,114.60489863,21.53056144,19.30438,17.844631,17.286179,17.067322,17.007332,0.025753,5.63579E-3,5.252101E-3,5.723967E-3,0.010971
587732156849652162,2888,40,3,25,450,6,114.60387766,21.53076391,24.271471,22.835285,21.584412,20.566565,20.362999,0.927775,0.172086,0.083197,0.045554,0.137082
587732156849652166,2888,40,3,25,454,6,114.5633084,21.57957929,15.431557,14.239692,14.643691,15.225818,13.820324,4.699165E-3,3.426995E-3,0.011466,0.012634,4.484811E-3
587732156849652167,2888,40,3,25,455,6,114.56244982,21.57968275,15.732118,14.650389,14.390893,14.291938,14.409691,4.956679E-3,3.317358E-3,3.647808E-3,4.086117E-3,4.563064E-3
587732156849652168,2888,40,3,25,456,6,114.5623841,21.5843955,16.244854,15.112154,14.831307,14.721178,14.878067,6.182365E-3,3.39687E-3,3.68042E-3,4.050231E-3,5.664587E-3
587732156849652169,2888,40,3,25,457,6,114.55595896,21.57592004,16.767769,15.684808,15.437437,15.359371,15.384393,6.85065E-3,3.462123E-3,3.873626E-3,4.378664E-3,5.413596E-3
587732156849652170,2888,40,3,25,458,6,114.55179495,21.58247244,18.093618,16.549334,15.987245,15.801165,15.736001,0.012722,3.927346E-3,4.063288E-3,4.55999E-3,6.090397E-3
587732156849652171,2888,40,3,25,459,6,114.56276463,21.58302868,15.663108,14.744091,13.678604,13.367366,12.456124,7.301265E-3,0.010429,6.542903E-3,6.841261E-3,0.011013
587732156849652178,2888,40,3,25,466,6,114.56083825,21.58875016,23.372286,20.450813,19.085287,18.411678,18.225925,0.56935,0.024292,0.011759,9.6815E-3,0.024236
587732156849652179,2888,40,3,25,467,6,114.56747049,21.58776643,22.674036,20.028341,18.939056,18.541128,18.264816,0.317823,0.017836,0.010669,0.010445,0.024268
587732156849652181,2888,40,3,25,469,3,114.55942893,21.58080678,17.414587,17.98937,16.395947,15.087214,16.843636,0.288424,0.222475,0.078603,0.050826,0.239237
587732156849652182,2888,40,3,25,470,6,114.56092322,21.57431345,24.062222,25.109797,20.709803,19.506435,19.369558,0.827705,0.638149,0.035999,0.018922,0.057275
587732156849652184,2888,40,3,25,472,3,114.5642171,21.59176652,24.164999,25.584148,23.964502,23.721058,18.141096,2.934776,2.082264,1.977864,2.060687,0.064602
587732156849652185,2888,40,3,25,473,3,114.55113861,21.58428637,23.788786,21.294018,19.713097,19.078911,18.6954,1.111053,0.064403,0.02396,0.020015,0.048467
587732156849652187,2888,40,3,25,475,3,114.55795572,21.58344724,19.768154,18.277018,16.459761,15.990807,16.934895,0.386792,0.054261,9.974765E-3,0.027833,0.121059
587732156849652189,2888,40,3,25,477,6,114.55728007,21.57587991,25.374685,23.436523,22.751413,21.027594,20.746727,0.743585,0.283922,0.208479,0.064323,0.184879
587732156849652190,2888,40,3,25,478,3,114.5632523,21.58778192,18.643641,17.902367,16.840544,16.070366,19.356678,0.140094,0.041854,0.020487,0.029178,0.567495
587732156849652281,2888,40,3,25,569,6,114.61054909,21.54273366,15.335651,14.172766,13.914477,14.163537,13.832837,4.45882E-3,3.413748E-3,6.374831E-3,2.555334E-3,4.374281E-3
587732156849652300,2888,40,3,25,588,6,114.61399469,21.54443347,17.304829,16.190115,15.881413,15.779324,15.796233,8.749859E-3,3.745725E-3,4.033825E-3,4.551417E-3,6.270304E-3
587732156849652301,2888,40,3,25,589,6,114.61633915,21.54457385,23.537125,20.478703,19.076965,18.493105,18.176531,0.645469,0.023909,0.011643,0.010171,0.02292
587732156849652302,2888,40,3,25,590,6,114.6173941,21.54292602,25.024136,21.765703,20.162603,19.231646,18.715942,0.867548,0.064356,0.023972,0.01585,0.034128
587732156849652346,2888,40,3,25,634,6,114.62611451,21.5419523,15.726527,14.569269,14.297139,14.20599,14.218473,4.738822E-3,3.301144E-3,3.685514E-3,4.192265E-3,4.198785E-3
587732156849652347,2888,40,3,25,635,6,114.62231486,21.54374954,15.945082,15.098881,14.754004,15.935478,13.0646,5.65819E-3,0.011015,0.011174,0.014323,4.73423E-3
587732156849652348,2888,40,3,25,636,6,114.62998627,21.53919933,16.964985,15.871782,15.559418,15.505095,15.518943,7.453762E-3,3.606916E-3,3.893481E-3,4.438536E-3,5.662438E-3
587732156849652349,2888,40,3,25,637,6,114.62955451,21.54212914,19.660946,18.079123,17.48793,17.28237,17.184071,0.032159,6.202677E-3,5.584161E-3,6.077758E-3,0.012169
587732156849652350,2888,40,3,25,638,6,114.62376348,21.54766839,22.080469,19.322742,18.243542,17.810991,17.620176,0.20399,0.011332,7.498342E-3,7.344336E-3,0.015825
587732156849652351,2888,40,3,25,639,6,114.62488764,21.54020185,23.177763,20.853842,19.550133,18.942633,18.562151,0.49103,0.031343,0.015645,0.013218,0.030618
587732156849652353,2888,40,3,25,641,3,114.62369724,21.54606687,25.170132,25.16888,22.905457,21.604176,22.974157,1.097055,0.851346,0.325952,0.149351,0.864014
587732156849652379,2888,40,3,25,667,6,114.56406943,21.59830799,17.801596,16.659136,16.300003,16.177725,16.161003,0.010931,4.033825E-3,4.259532E-3,4.86464E-3,7.231568E-3
587732156849652380,2888,40,3,25,668,6,114.56591011,21.59692897,25.355467,21.973562,20.510218,19.205458,18.706463,0.747227,0.078346,0.030721,0.015351,0.033267
587732156849652440,2888,40,3,25,728,6,114.62372497,21.55106651,15.944218,14.839489,14.625267,14.560811,14.591452,5.073674E-3,3.339262E-3,3.756447E-3,4.259751E-3,4.501915E-3
587732156849652442,2888,40,3,25,730,6,114.62587714,21.55112784,25.002491,23.564144,21.747471,20.44132,20.029007,0.917847,0.30199,0.089961,0.040222,0.104117
587732156849652449,2888,40,3,25,737,6,114.57393401,21.59731485,17.156853,16.053648,15.778295,15.684698,15.686245,8.05617E-3,3.67362E-3,3.995873E-3,4.60016E-3,6.016145E-3
587732156849652453,2888,40,3,25,741,6,114.63182881,21.54741078,19.906475,18.142096,17.400982,17.123108,16.984457,0.038283,6.362904E-3,5.444278E-3,5.810004E-3,0.010879
587732156849652454,2888,40,3,25,742,6,114.63071741,21.54639818,25.409121,23.553484,22.088078,20.765518,20.180546,0.732877,0.280441,0.11439,0.049714,0.113016
587732156849652455,2888,40,3,25,743,6,114.62932197,21.54670225,25.89893,24.69706,22.843258,21.459785,20.967453,0.537381,0.609562,0.234802,0.096217,0.236609
587732156849652457,2888,40,3,25,745,6,114.63483913,21.545577,17.731087,16.566921,16.220097,16.100142,16.080635,0.011118,4.052965E-3,4.261304E-3,4.766023E-3,7.094039E-3
587732156849652471,2888,40,3,25,759,6,114.63549723,21.5545424,18.092707,16.894165,16.505232,16.357361,16.334261,0.012913,4.291506E-3,4.417952E-3,4.89191E-3,7.828664E-3
587732156849652472,2888,40,3,25,760,6,114.63337302,21.55797047,19.220917,17.782476,17.065891,16.751472,16.629345,0.024847,5.870363E-3,5.170823E-3,5.338481E-3,9.011851E-3
587732156849652473,2888,40,3,25,761,6,114.63142889,21.55147872,19.349144,17.902456,17.344151,17.140924,17.056236,0.026648,5.783969E-3,5.368548E-3,5.830531E-3,0.011289
587732156849652474,2888,40,3,25,762,6,114.63243594,21.56025932,19.324451,17.926683,17.395327,17.186718,17.103722,0.026216,5.836958E-3,5.456557E-3,5.918748E-3,0.01158
587732156849652475,2888,40,3,25,763,6,114.62946678,21.55299284,23.198441,20.974833,19.412594,17.972584,17.190969,0.512755,0.034205,0.014284,7.909486E-3,0.01222
587732156849652476,2888,40,3,25,764,6,114.63306539,21.55266706,21.445646,19.312283,18.430006,18.064997,17.874613,0.120739,0.011284,8.183195E-3,8.170039E-3,0.018626
587732156849652477,2888,40,3,25,765,6,114.63216931,21.55900544,23.825533,23.16115,21.577318,20.736994,20.208729,0.800231,0.213971,0.077449,0.050921,0.119963
587732156849652478,2888,40,3,25,766,6,114.63292849,21.54982009,23.682589,23.941534,21.807915,21.014095,20.324579,0.745404,0.40343,0.095064,0.06483,0.134745
587732156849652479,2888,40,3,25,767,3,114.63455438,21.55056227,23.052404,23.009737,21.507906,21.18219,21.108536,0.730385,0.319755,0.121525,0.131989,0.444412
587732156849652480,2888,40,3,25,768,3,114.63580519,21.55600151,23.385483,24.445412,24.562576,23.081987,20.195087,0.666688,0.611551,0.780451,0.428657,0.137387
587732156849652481,2888,40,3,25,769,6,114.63697583,21.55605699,24.659166,24.671974,23.076725,25.131815,20.662518,1.031084,0.615108,0.290342,0.533447,0.185061
587732156849652482,2888,40,3,25,770,6,114.63310046,21.55622884,15.718278,14.578687,13.903125,13.891836,14.251407,7.668341E-3,7.014571E-3,3.239327E-3,4.716611E-3,9.738442E-3
587732156849652491,2888,40,3,25,779,6,114.57019169,21.60781821,18.945589,16.675703,15.710788,15.338723,15.123152,0.020685,3.980967E-3,3.744656E-3,4.029261E-3,4.859849E-3
587732156849652492,2888,40,3,25,780,6,114.57109524,21.60605715,18.820671,17.479834,16.996281,16.80308,16.729973,0.018889,4.970712E-3,4.881454E-3,5.385927E-3,9.402848E-3
587732156849652493,2888,40,3,25,781,6,114.57402009,21.60640026,21.705153,19.656273,18.697611,18.346136,18.150337,0.144001,0.014004,9.357641E-3,9.350714E-3,0.022226
587732156849652494,2888,40,3,25,782,6,114.57232697,21.60827344,23.789648,21.191914,19.679085,18.689445,18.197304,0.736367,0.041637,0.01704,0.011299,0.023114
587732156849652495,2888,40,3,25,783,6,114.57236724,21.60761353,24.606777,21.702223,20.549566,19.931379,19.678066,0.937689,0.062611,0.032141,0.026135,0.073
587732156849652496,2888,40,3,25,784,6,114.56906708,21.60685873,24.912329,22.609589,21.176046,20.279205,20.130835,0.9019,0.135075,0.052925,0.033409,0.106727
587732156849652596,2888,40,3,25,884,6,114.58537523,21.60631354,19.721069,18.119411,17.536316,17.333132,17.230642,0.033159,6.312692E-3,5.698564E-3,6.199399E-3,0.01242
587732156849652597,2888,40,3,25,885,6,114.58405786,21.60356063,19.984856,18.693525,18.209753,18.003157,17.924706,0.039369,8.197638E-3,7.398338E-3,7.979284E-3,0.019128
587732156849652598,2888,40,3,25,886,6,114.58383834,21.60467809,20.629719,19.242224,18.645203,18.404406,18.257603,0.062381,0.011117,9.230524E-3,9.667047E-3,0.024033
587732156849652599,2888,40,3,25,887,6,114.58610956,21.60694141,24.747091,21.096767,19.81568,19.218468,18.913321,0.933127,0.038862,0.018958,0.016079,0.039235
587732156849652654,2888,40,3,25,942,6,114.59201738,21.61202096,15.792869,15.006327,12.142665,11.763357,12.742476,6.182859E-3,0.011717,1.287968E-3,8.672592E-4,6.538404E-3
587732156849652655,2888,40,3,25,943,6,114.59497086,21.61527607,15.506509,14.547564,15.206244,16.151472,14.065334,4.577707E-3,3.814467E-3,0.012213,0.014603,5.079621E-3
587732156849652656,2888,40,3,25,944,6,114.58219036,21.61449764,16.479099,14.785646,14.58166,15.78633,13.744384,6.254575E-3,3.55498E-3,0.011405,0.01338,4.336327E-3
587732156849652657,2888,40,3,25,945,6,114.59681845,21.61813172,15.582833,14.494422,14.851792,14.922848,14.07208,4.494034E-3,3.446942E-3,0.0118,0.012288,4.26411E-3
587732156849652658,2888,40,3,25,946,6,114.59662112,21.60625732,16.887917,15.738178,15.412847,15.299635,15.276743,7.183666E-3,3.476579E-3,3.677836E-3,4.069144E-3,5.118384E-3
587732156849652659,2888,40,3,25,947,6,114.59333594,21.61955468,17.112818,16.082851,15.842491,15.729787,15.645374,7.869101E-3,3.841858E-3,4.273427E-3,4.794611E-3,5.905726E-3
587732156849652660,2888,40,3,25,948,3,114.59474456,21.61514107,24.620607,25.112881,16.590542,16.479218,22.836933,5.320845,5.68327,0.01419,0.014274,2.282462
587732156849652661,2888,40,3,25,949,6,114.59520803,21.6153921,18.157927,16.148275,17.257778,17.836428,15.516731,0.022304,4.498567E-3,0.017879,0.024648,6.604366E-3
587732156849652662,2888,40,3,25,950,3,114.59349797,21.6152196,18.221964,17.173197,16.582809,16.41889,21.61031,0.022025,5.179514E-3,4.562261E-3,5.118274E-3,0.599331
587732156849652663,2888,40,3,25,951,6,114.58325819,21.61643211,19.902494,18.232159,17.556002,17.275875,17.142765,0.037429,6.612331E-3,5.707214E-3,6.075093E-3,0.011774
587732156849652664,2888,40,3,25,952,6,114.60009156,21.60735821,20.675682,18.827963,18.041712,17.818373,17.714092,0.065054,8.749444E-3,6.811831E-3,7.351701E-3,0.016655
587732156849652665,2888,40,3,25,953,6,114.58988387,21.61428991,21.118372,19.088638,18.395424,18.108463,17.735495,0.090414,0.010139,8.26554E-3,8.644696E-3,0.016766
587732156849652667,2888,40,3,25,955,6,114.59122594,21.60877798,20.28894,19.124113,18.741322,18.657543,18.431559,0.048846,0.010361,9.705303E-3,0.011288,0.026972
587732156849652670,2888,40,3,25,958,3,114.59481886,21.61032841,22.122921,24.073008,22.783438,20.456182,19.040787,0.513586,1.20357,0.620208,0.113303,0.114088
587732156849652671,2888,40,3,25,959,6,114.59638565,21.61394921,24.846029,23.229338,21.899853,21.942963,20.952169,1.02856,0.257295,0.109805,0.158482,0.241321
587732156849652673,2888,40,3,25,961,3,114.58764444,21.61262835,25.925522,22.13653,24.345514,23.067165,21.175837,0.880473,0.150511,1.146029,0.667563,0.478
587732156849652674,2888,40,3,25,962,6,114.58401973,21.61798269,22.229134,25.658262,24.703897,24.820108,22.32781,0.22611,0.559242,0.64993,0.542949,0.535722
587732156849652675,2888,40,3,25,963,3,114.58773494,21.61450981,25.045658,25.928686,26.935513,20.374191,22.930948,4.276259,2.512136,1.001104,0.182282,3.300906
587732156849652676,2888,40,3,25,964,3,114.5881198,21.61039539,25.835787,26.351965,23.265905,21.177967,22.368305,1.22979,0.862952,0.809119,0.174067,1.321656
587732156849652677,2888,40,3,25,965,3,114.59098896,21.61753062,26.757652,26.339069,24.510204,20.981226,22.632931,0.790565,1.195144,2.185615,0.22593,2.036417
587732156849652695,2888,40,3,25,983,6,114.64141864,21.57680428,15.654079,14.405319,15.042684,15.943919,13.774029,4.937382E-3,3.772962E-3,0.011591,0.013908,4.650906E-3
587732156849652696,2888,40,3,25,984,6,114.64061468,21.57401195,15.770254,14.647077,14.409369,14.344395,14.369446,4.751946E-3,3.330123E-3,3.738302E-3,4.229183E-3,4.348966E-3
587732156849652697,2888,40,3,25,985,6,114.63679648,21.57170415,15.979557,14.866138,14.664255,14.609242,14.644217,5.084297E-3,3.35259E-3,3.773601E-3,4.229129E-3,4.570064E-3
587732156849652698,2888,40,3,25,986,6,114.63963228,21.56906819,17.634502,16.474417,16.131615,16.023741,16.001705,0.010218,3.941075E-3,4.186224E-3,4.709249E-3,6.777225E-3
587732156849652699,2888,40,3,25,987,6,114.63592393,21.56984044,18.424372,17.173634,16.741066,16.603621,16.559574,0.015405,4.597709E-3,4.637687E-3,5.129706E-3,8.718685E-3
587732156849652700,2888,40,3,25,988,6,114.64090857,21.57064084,19.635199,17.869284,17.197756,16.962942,16.866499,0.031923,5.73945E-3,5.158344E-3,5.585425E-3,0.010165
587732156849652701,2888,40,3,25,989,6,114.64473117,21.57552512,20.091673,18.460892,17.813255,17.567915,17.473499,0.043478,7.281174E-3,6.284657E-3,6.648045E-3,0.014313
587732156849652702,2888,40,3,25,990,6,114.63487087,21.57286259,23.20532,23.569824,21.939613,20.792194,20.269428,0.506516,0.290406,0.100867,0.050638,0.120308
587732156849652703,2888,40,3,25,991,6,114.63889987,21.57212466,24.396685,24.237219,22.43362,21.245182,20.3964,0.950555,0.468113,0.154544,0.074416,0.133693
587732156849652704,2888,40,3,25,992,6,114.64338578,21.5726819,25.467415,23.703279,22.379801,21.21792,20.718472,0.705959,0.324694,0.149177,0.07307,0.178487
587732156849652705,2888,40,3,25,993,6,114.63585549,21.56816429,25.80814,23.940466,22.84643,21.473331,20.680395,0.55199,0.382565,0.220146,0.089522,0.17054
587732156849652706,2888,40,3,25,994,6,114.64651701,21.57498546,25.683168,24.621119,22.746975,22.191305,21.245245,0.607678,0.559256,0.200851,0.165408,0.272004
587732156849652736,2888,40,3,25,1024,6,114.60421823,21.60865337,19.419256,17.917686,17.365669,17.159845,17.060493,0.027354,5.823642E-3,5.387004E-3,5.873792E-3,0.011241
587732156849652737,2888,40,3,25,1025,6,114.60573629,21.60811855,25.614155,22.9007,21.832329,20.716795,20.369337,0.647293,0.1708,0.090985,0.047164,0.129769
587732156849652771,2888,40,3,25,1059,6,114.63715865,21.58191247,15.623231,14.471902,14.20512,14.579297,14.128524,4.537565E-3,3.302768E-3,3.718068E-3,7.0639E-3,4.193152E-3
587732156849652772,2888,40,3,25,1060,6,114.63759434,21.58528899,24.446529,21.289904,19.974352,19.346489,19.085194,0.948516,0.043775,0.020792,0.016775,0.045028
587732156849652773,2888,40,3,25,1061,6,114.63585583,21.5842816,23.265312,25.498724,23.106754,21.666533,21.300783,0.530134,0.580895,0.27183,0.105559,0.285407
587732156849652786,2888,40,3,25,1074,6,114.6042656,21.61752876,17.622475,16.477633,16.13966,16.025497,16.009878,0.01004,3.905875E-3,4.142346E-3,4.698754E-3,6.775204E-3
587732156849652787,2888,40,3,25,1075,6,114.60289865,21.6145781,18.288193,17.043997,16.630255,16.481125,16.432234,0.014135,4.419005E-3,4.473164E-3,5.010243E-3,8.154782E-3
587732156849652788,2888,40,3,25,1076,6,114.60107504,21.61435431,24.592852,22.758743,21.204704,20.393831,19.954512,0.961095,0.151379,0.053475,0.036134,0.090836
587732156849652791,2888,40,3,25,1079,6,114.61543646,21.60510144,16.35593,15.248839,15.030991,14.971277,14.995786,5.770794E-3,3.401191E-3,3.796581E-3,4.335119E-3,4.904371E-3
587732156849652792,2888,40,3,25,1080,6,114.61752146,21.60805184,16.983292,15.897164,15.625735,15.543859,15.544953,7.449035E-3,3.611228E-3,3.938834E-3,4.45667E-3,5.764818E-3
587732156849652793,2888,40,3,25,1081,6,114.61329969,21.60743361,20.614954,18.561813,17.773056,17.460354,17.273968,0.062031,7.654761E-3,6.139886E-3,6.438471E-3,0.012721
587732156849652794,2888,40,3,25,1082,6,114.61713093,21.61020017,20.242085,18.467115,17.809616,17.569868,17.437714,0.047406,7.314224E-3,6.250988E-3,6.671809E-3,0.014017
587732156849652795,2888,40,3,25,1083,6,114.61486418,21.61099685,21.779613,19.586752,18.679695,18.327168,18.142572,0.155605,0.013348,9.2467E-3,9.224816E-3,0.022146
587732156849652796,2888,40,3,25,1084,6,114.61793149,21.60603465,23.255053,20.763029,19.507359,18.989445,18.783524,0.516243,0.02985,0.015125,0.01337,0.035482
587732156849652797,2888,40,3,25,1085,6,114.61361365,21.61093238,24.279638,25.296736,19.15213,21.625179,23.223917,0.913078,0.619805,0.012187,0.105681,0.554212
587732156849652798,2888,40,3,25,1086,6,114.61338524,21.61091492,24.620226,25.410622,21.223038,19.125101,22.799925,0.955469,0.606113,0.059204,0.014747,0.595555
587732156849652799,2888,40,3,25,1087,6,114.61261185,21.61119338,24.599606,19.635981,25.338739,24.392725,20.796509,0.979858,0.013902,0.606689,0.625048,0.197684
587732156849652800,2888,40,3,25,1088,6,114.61288695,21.61113018,21.655937,25.112797,24.212591,22.202902,19.107023,0.141323,0.747425,0.578474,0.175859,0.045941
587732156849652824,2888,40,3,25,1112,6,114.62859087,21.59717702,15.910749,14.779615,14.553048,14.495414,14.519715,4.965362E-3,3.33066E-3,3.730751E-3,4.210543E-3,4.460708E-3
587732156849652825,2888,40,3,25,1113,3,114.62854662,21.59832652,23.09206,21.191761,20.317644,19.594986,19.307701,0.661676,0.08621,0.040192,0.027706,0.078336
587732156849652828,2888,40,3,25,1116,6,114.60918307,21.61478277,16.736105,15.640211,15.402138,15.335188,15.336438,6.713321E-3,3.509018E-3,3.88289E-3,4.388214E-3,5.379401E-3
587732156849652829,2888,40,3,25,1117,6,114.610597,21.61720625,24.795279,21.561563,20.080593,19.451181,19.054049,0.943743,0.055264,0.022289,0.018009,0.043541
587732156849652830,2888,40,3,25,1118,6,114.60927257,21.61577216,22.935122,21.898664,20.564434,20.06617,19.762684,0.527735,0.131261,0.04104,0.033134,0.089308
587732156849652832,2888,40,3,25,1120,6,114.6384713,21.58924166,16.533566,15.417377,15.12061,15.049599,15.048495,8.876214E-3,6.610553E-3,8.019575E-3,9.038503E-3,9.309472E-3
587732156849652835,2888,40,3,25,1123,6,114.64427319,21.58459262,15.953688,14.818539,14.59351,14.540253,14.563931,5.027045E-3,3.356741E-3,3.751821E-3,4.168042E-3,4.497697E-3
587732156849652836,2888,40,3,25,1124,6,114.64100558,21.58465376,20.627151,18.497789,17.650124,17.336298,17.170853,0.063444,7.413408E-3,5.917855E-3,6.1107E-3,0.01196
587732156849652837,2888,40,3,25,1125,6,114.64265672,21.58251355,23.813993,21.51647,20.990528,20.836016,20.403357,0.78711,0.054461,0.04727,0.054923,0.141414
587732156849652838,2888,40,3,25,1126,3,114.64328224,21.58090492,23.961184,24.092978,23.338093,21.383228,21.571362,1.397615,0.780455,0.620735,0.158143,0.663784
587732156849652872,2888,40,3,25,1160,6,114.62581879,21.60793494,18.12719,16.93462,16.545071,16.410921,16.376524,0.012948,4.302348E-3,4.412382E-3,4.9256E-3,7.967092E-3
587732156849652873,2888,40,3,25,1161,6,114.62720158,21.60885163,25.156126,23.113546,21.643181,20.64028,20.165863,0.83709,0.202828,0.077473,0.04398,0.109221
587732156849652878,2888,40,3,25,1166,6,114.63205406,21.60316152,16.524204,15.423557,15.124619,15.032834,15.03499,6.161576E-3,3.469736E-3,3.791024E-3,4.269994E-3,4.960658E-3
587732156849652879,2888,40,3,25,1167,6,114.6349287,21.60468812,16.805317,15.687008,15.394719,15.308908,15.304233,6.905932E-3,3.550026E-3,3.859186E-3,4.350654E-3,5.345333E-3
587732156849652898,2888,40,3,25,1186,3,114.62476514,21.61208728,22.666666,19.917252,18.613874,17.995277,17.635515,0.371741,0.017568,9.229825E-3,7.881756E-3,0.017086
587732156849652899,2888,40,3,25,1187,6,114.62692459,21.61143976,21.138123,19.894339,19.427341,19.225843,19.280838,0.093647,0.016123,0.014282,0.015414,0.052482
587732156849652902,2888,40,3,25,1190,6,114.63127449,21.60929083,18.242434,17.031107,16.628841,16.480173,16.460016,0.013816,4.399127E-3,4.462011E-3,4.97915E-3,8.287308E-3
587732156849653162,2888,40,3,25,1450,6,114.56959933,21.53914046,22.484453,20.391659,19.161579,18.659492,18.410265,0.270979,0.02288,0.012232,0.011129,0.027192
587732156849653171,2888,40,3,25,1459,6,114.57423456,21.54065214,20.701237,19.589725,19.131401,18.90992,18.897049,0.065539,0.013666,0.012097,0.01287,0.039197
587732156849653180,2888,40,3,25,1468,6,114.56925459,21.55415153,21.205629,19.61301,18.979101,18.69556,18.568438,0.095069,0.013559,0.010906,0.011338,0.030346
587732156849653181,2888,40,3,25,1469,6,114.5705604,21.55268838,24.695198,21.389668,19.927073,19.231237,18.851696,0.91292,0.048234,0.020038,0.01573,0.037686
587732156849653241,2888,40,3,25,1529,6,114.56012458,21.59996685,21.424179,20.519899,20.256479,20.18968,20.188612,0.113409,0.026017,0.025639,0.03093,0.110945
587732156849653242,2888,40,3,25,1530,6,114.56994735,21.59476367,21.290657,19.149502,18.323929,18.003029,17.834307,0.103608,0.010598,7.851542E-3,8.051482E-3,0.018154
587732156849653254,2888,40,3,25,1542,6,114.56517703,21.60108293,22.497118,19.974133,18.533178,17.46431,16.916536,0.279757,0.017163,8.592677E-3,6.475037E-3,0.010413
587732156849653255,2888,40,3,25,1543,6,114.56551585,21.60188357,24.669382,22.683743,21.257761,20.782202,20.547073,0.933339,0.143084,0.055907,0.050025,0.150427
587732156849653257,2888,40,3,25,1545,6,114.62800363,21.54949997,23.715736,20.763226,19.456259,18.950758,18.668781,0.725439,0.029578,0.014775,0.013322,0.033589
587732156849653259,2888,40,3,25,1547,6,114.57092741,21.60218138,21.40975,19.304876,18.462076,18.12821,17.979567,0.113666,0.011571,8.571523E-3,8.621872E-3,0.020226
587732156849653289,2888,40,3,25,1577,6,114.63923262,21.55649715,22.159588,19.591078,18.497547,18.041271,17.822546,0.224785,0.013597,8.693021E-3,8.197908E-3,0.018731
587732156849653296,2888,40,3,25,1584,6,114.6418073,21.56044598,20.234411,18.534079,17.830311,17.583467,17.473629,0.048198,7.529352E-3,6.326863E-3,6.686006E-3,0.014446
587732156849653297,2888,40,3,25,1585,6,114.64380518,21.55971209,20.80139,18.816202,18.070871,17.813524,17.641411,0.073375,8.617546E-3,6.956647E-3,7.331092E-3,0.016055
587732156849653298,2888,40,3,25,1586,6,114.64003183,21.56311677,21.967817,19.775505,18.746975,18.390659,18.197807,0.185648,0.015078,9.810074E-3,9.6966E-3,0.023428
587732156849653310,2888,40,3,25,1598,6,114.63334318,21.58030968,22.551153,19.878344,18.824585,18.420931,18.21166,0.296345,0.016385,0.010137,9.747061E-3,0.023516
587732156849653312,2888,40,3,25,1600,6,114.59974597,21.61057837,19.791687,18.166775,17.56654,17.346941,17.241823,0.036043,6.531769E-3,5.790303E-3,6.220782E-3,0.012605
587732156849653321,2888,40,3,25,1609,6,114.60867723,21.61087909,20.411695,18.5916,17.909382,17.661484,17.546112,0.054059,7.757706E-3,6.488087E-3,6.906004E-3,0.01496
587732156849653322,2888,40,3,25,1610,6,114.60986442,21.61040419,23.426968,21.541517,20.032759,19.324562,18.878111,0.593922,0.054523,0.021623,0.016579,0.037986
587732156849653332,2888,40,3,25,1620,6,114.63546933,21.59500593,22.426121,20.554462,19.361609,18.923916,18.724506,0.269253,0.025323,0.013766,0.012833,0.033963
587732156849653333,2888,40,3,25,1621,3,114.63697134,21.59365301,21.397282,20.431623,19.313723,18.828056,18.442165,0.175721,0.034041,0.018884,0.017358,0.043526
587732156849653450,2888,40,3,25,1738,6,114.56758178,21.54664145,24.603231,20.916491,19.513508,18.571012,18.024359,0.917348,0.033135,0.015117,0.010568,0.020666
587732156849653451,2888,40,3,25,1739,6,114.56601816,21.54782497,23.511459,25.092789,24.07416,21.459944,20.399178,0.595441,0.633015,0.534258,0.090674,0.135163
587732156849653454,2888,40,3,25,1742,6,114.55576128,21.56341013,22.781246,20.902527,19.507137,18.873264,18.524647,0.344176,0.033047,0.015508,0.012588,0.029543
587732156849653456,2888,40,3,25,1744,6,114.56773728,21.5559159,22.834154,21.354952,19.933784,19.135216,18.692301,0.35697,0.046904,0.020237,0.014824,0.033809
587732156849653457,2888,40,3,25,1745,6,114.57834269,21.54778976,24.150869,21.127462,19.659664,18.790079,18.328424,0.858621,0.039327,0.016841,0.012071,0.025907
587732156849653477,2888,40,3,25,1765,6,114.57696243,21.60326057,24.698957,21.720764,20.266289,19.480072,18.991013,0.935697,0.063496,0.025556,0.018522,0.041489
587732156849653478,2888,40,3,25,1766,3,114.57495355,21.60357428,20.873838,19.92557,19.098145,18.77524,18.508595,0.128985,0.026006,0.01851,0.019476,0.056861
587732156849653479,2888,40,3,25,1767,6,114.63710726,21.55086514,23.630671,20.943007,19.591316,19.045502,18.75248,0.682202,0.033433,0.016134,0.014153,0.035451
587732156849653482,2888,40,3,25,1770,6,114.57906051,21.60651596,22.845901,21.44495,20.011238,19.372053,19.038044,0.372232,0.050767,0.021264,0.01717,0.04303
587732156849653483,2888,40,3,25,1771,6,114.57792255,21.60763225,22.812323,22.639235,21.079189,20.278578,19.706701,0.362928,0.137577,0.04831,0.033229,0.073773
587732156849653496,2888,40,3,25,1784,6,114.6074112,21.61787799,23.701471,21.319696,19.940073,19.332666,18.991667,0.711851,0.045487,0.020363,0.016708,0.041351
587732156849653499,2888,40,3,25,1787,6,114.63245206,21.59715846,23.962866,21.016088,19.603235,18.908419,18.459244,0.821715,0.035616,0.016639,0.013176,0.028432
587732156849653571,2888,40,3,25,1859,6,114.61143121,21.53260609,23.858355,22.863724,20.982094,20.124079,19.630726,0.763019,0.16012,0.045048,0.030582,0.070989
587732156849653578,2888,40,3,25,1866,6,114.56662635,21.59378214,25.092056,21.866558,20.444862,19.673065,19.34857,0.847125,0.071662,0.029207,0.021341,0.055188
587732156849653591,2888,40,3,25,1879,6,114.576227,21.6127661,25.891298,22.122713,20.529093,19.707504,19.227783,0.523166,0.088404,0.031087,0.021688,0.050007
587732156849653595,2888,40,3,25,1883,6,114.64262729,21.56709268,24.901562,23.102726,21.308588,20.105076,19.519384,0.913755,0.195751,0.058879,0.029551,0.064254
587732156849653601,2888,40,3,25,1889,6,114.63432454,21.58735195,25.586126,22.333822,20.893734,19.919273,19.406155,0.670446,0.104182,0.041932,0.025315,0.058247
587732156849653602,2888,40,3,25,1890,6,114.63402707,21.58797047,24.397793,23.86393,22.354256,21.010582,20.803301,0.944224,0.368071,0.143696,0.060587,0.191445
587732156849653603,2888,40,3,25,1891,6,114.63513654,21.58594985,24.611008,23.872927,22.228497,21.086649,20.619297,0.968882,0.371006,0.128658,0.064266,0.161395
587732156849653606,2888,40,3,25,1894,6,114.6218379,21.60642892,25.240929,23.163036,21.170147,20.137495,19.631813,0.81254,0.211931,0.052178,0.029779,0.069948
587732156849653627,2888,40,3,25,1915,6,114.6190843,21.53904963,22.099684,20.911667,20.561363,20.316282,20.31745,0.205863,0.032373,0.062208,0.034755,0.126701
587732156849653721,2888,40,3,25,2009,6,114.56059875,21.54641377,25.995125,23.054827,21.771849,20.656048,20.14393,0.46472,0.194366,0.0866,0.045671,0.109738
587732156849653735,2888,40,3,25,2023,6,114.55266929,21.574786,23.879555,22.685228,22.944662,22.535418,23.210434,0.778037,0.147151,0.243393,0.233186,0.589894
587732156849653742,2888,40,3,25,2030,6,114.5642598,21.56721495,22.802219,21.729845,21.342865,21.241171,20.702669,0.352915,0.063626,0.059913,0.073788,0.173812
587732156849653792,2888,40,3,25,2080,6,114.57835236,21.61314565,25.187386,22.556158,21.218578,20.347538,19.926081,0.834145,0.12998,0.054935,0.035734,0.090376
587732156849653810,2888,40,3,25,2098,6,114.60912238,21.60605619,25.44978,23.139809,21.623007,20.709473,20.39217,0.729698,0.209684,0.076126,0.046848,0.13222
587732156849653811,2888,40,3,25,2099,6,114.60879618,21.60686875,24.550545,25.986403,23.384081,21.973225,21.610966,0.953415,0.469912,0.337116,0.13648,0.357953
587732156849653815,2888,40,3,25,2103,6,114.64845312,21.57441845,22.491949,21.644642,21.05702,20.814432,21.128414,0.28952,0.057844,0.047888,0.051341,0.248959
587732156849653816,2888,40,3,25,2104,6,114.64801964,21.57540148,24.339396,24.367792,22.470482,21.265215,20.553217,0.970516,0.512862,0.165132,0.077656,0.158682
587732156849653827,2888,40,3,25,2115,3,114.62867989,21.6031164,22.616604,22.017904,20.964067,20.560549,20.711288,0.442387,0.116523,0.066495,0.065701,0.273068
587732156849653828,2888,40,3,25,2116,3,114.61953384,21.6112309,25.647356,22.828865,21.435745,20.920706,20.682722,0.687062,0.175122,0.07173,0.062068,0.189059
587732156849653971,2888,40,3,25,2259,6,114.5572369,21.55366127,25.539021,23.438326,22.031355,20.945469,20.467524,0.648991,0.267272,0.107954,0.059955,0.143498
587732156849653997,2888,40,3,25,2285,3,114.59251308,21.53156796,24.547867,23.791668,22.531887,21.153673,20.613131,0.972506,0.362821,0.176772,0.072826,0.170906
587732156849654000,2888,40,3,25,2288,6,114.58396075,21.54028528,25.805365,24.150684,22.579542,22.420631,22.057154,0.538563,0.452121,0.174552,0.206189,0.484202
587732156849654008,2888,40,3,25,2296,6,114.60880938,21.52849109,24.017532,23.588045,22.715729,21.459761,21.06514,0.830796,0.290397,0.195353,0.089385,0.237708
587732156849654011,2888,40,3,25,2299,6,114.60850464,21.53162221,25.192089,23.356876,21.74592,20.734907,20.507828,0.795637,0.242653,0.085121,0.048824,0.149189
587732156849654029,2888,40,3,25,2317,6,114.62565381,21.54623595,24.279459,23.748257,21.910923,20.586208,20.121511,0.930791,0.331734,0.099161,0.043222,0.107858
587732156849654032,2888,40,3,25,2320,3,114.57134224,21.5992301,23.692434,22.843126,21.02957,20.243036,19.492229,0.996289,0.238516,0.068726,0.048642,0.09245
587732156849654036,2888,40,3,25,2324,3,114.56890592,21.60272148,25.99655,23.352339,21.429049,20.537844,20.024055,0.58787,0.308599,0.080757,0.05178,0.12195
587732156849654043,2888,40,3,25,2331,6,114.5801741,21.60171692,25.041098,24.331232,22.591623,21.971916,21.475842,0.871726,0.512279,0.17538,0.137702,0.322268
587732156849654048,2888,40,3,25,2336,6,114.57483302,21.60987803,24.981083,24.124111,22.102417,21.2265,21.58321,0.927077,0.473106,0.121126,0.076941,0.371481
587732156849654049,2888,40,3,25,2337,3,114.64181073,21.5549798,23.888386,23.112684,21.56628,21.033634,20.601311,0.965823,0.246994,0.09215,0.08109,0.205371
587732156849654061,2888,40,3,25,2349,6,114.64647932,21.56270561,25.664236,23.713947,22.596275,22.239622,21.916737,0.606987,0.317732,0.17716,0.172853,0.446385
587732156849654070,2888,40,3,25,2358,6,114.64811432,21.57052958,25.888536,23.502146,21.967367,21.064167,20.213541,0.582524,0.307821,0.116835,0.072303,0.13054
587732156849654076,2888,40,3,25,2364,6,114.61767785,21.60184743,26.00049,24.195801,22.645603,21.322025,20.671339,0.479731,0.465014,0.183507,0.077925,0.168395
587732156849654087,2888,40,3,25,2375,6,114.61464095,21.61409703,25.731495,25.033764,22.635876,21.541824,21.22718,0.621193,0.660507,0.190935,0.099036,0.27826
587732156849654089,2888,40,3,25,2377,6,114.62131799,21.61027458,25.301163,23.310719,21.922705,20.644579,20.247454,0.793124,0.24052,0.098494,0.044174,0.117244
587732156849654090,2888,40,3,25,2378,6,114.62117331,21.60876945,25.138987,24.016813,21.924528,20.889992,20.074493,0.851104,0.412667,0.098555,0.05407,0.101235
587732156849654091,2888,40,3,25,2379,6,114.64477192,21.58800699,23.662437,23.345409,21.618448,20.149851,19.260937,0.685983,0.241168,0.076254,0.029951,0.05177
587732156849654092,2888,40,3,25,2380,6,114.63561047,21.59844425,24.434114,24.350586,22.454418,21.159849,20.136623,0.958606,0.505234,0.156354,0.067913,0.107095
587732156849654094,2888,40,3,25,2382,3,114.62019583,21.61361621,24.956184,24.425285,22.394182,21.961437,21.926479,1.107662,0.657944,0.185933,0.173294,0.562493
587732156849654096,2888,40,3,25,2384,6,114.64209649,21.59438295,24.755663,24.961386,22.623314,21.927372,21.120625,0.961255,0.61682,0.180648,0.13125,0.24508
587732156849654200,2888,40,3,25,2488,6,114.5831462,21.53739364,25.06629,24.635895,24.27006,21.963181,21.059528,0.847103,0.574551,0.593614,0.139124,0.236319
587732156849654204,2888,40,3,25,2492,6,114.56600829,21.55590364,23.850031,24.946194,23.597418,22.017862,21.107018,0.740462,0.630527,0.393373,0.143677,0.244344
587732156849654205,2888,40,3,25,2493,6,114.60351548,21.5279987,25.298077,25.074009,23.306141,22.006908,21.26313,0.74728,0.608327,0.319198,0.143582,0.279956
587732156849654207,2888,40,3,25,2495,6,114.56072985,21.567815,25.305847,24.012428,23.108656,21.339222,21.027138,0.744854,0.413703,0.268299,0.079992,0.227198
587732156849654210,2888,40,3,25,2498,6,114.5509181,21.57884352,24.517126,24.359781,22.945026,21.080349,20.243757,0.925117,0.518594,0.234462,0.064219,0.11724
587732156849654212,2888,40,3,25,2500,3,114.55352459,21.57817047,21.963331,21.564095,21.943741,19.918913,21.714815,0.714754,0.226122,0.483876,0.112214,1.934214
587732156849654214,2888,40,3,25,2502,6,114.60773793,21.53340837,25.347433,24.762781,23.019053,21.459475,20.853783,0.73638,0.587393,0.25362,0.090126,0.200524
587732156849654256,2888,40,3,25,2544,6,114.59009389,21.60604445,25.044691,25.854467,24.224676,22.225937,21.956167,0.8805,0.513427,0.576794,0.170261,0.448513
587732156849654257,2888,40,3,25,2545,6,114.63818902,21.56365036,26.173405,25.713924,24.586086,22.142891,20.90811,0.404283,0.518558,0.651204,0.159727,0.207941
587732156849654269,2888,40,3,25,2557,6,114.64767616,21.56701793,24.513544,25.270365,23.625259,21.851967,21.595871,0.953188,0.595906,0.405721,0.123684,0.358333
587732156849654276,2888,40,3,25,2564,6,114.64684063,21.57751018,26.104706,23.968554,23.450066,21.793198,21.155067,0.434326,0.390775,0.359936,0.118368,0.254694
587732156849654277,2888,40,3,25,2565,6,114.62386057,21.59863402,26.311449,24.688076,23.135456,21.574028,20.642282,0.373948,0.586682,0.276853,0.096753,0.164822
587732156849651953,2888,40,3,25,241,6,114.57033363,21.53413931,22.46806,19.864777,18.821852,18.299313,18.241812,0.268082,0.015907,0.010038,9.058441E-3,0.023994
587732156849651955,2888,40,3,25,243,3,114.56816306,21.53547483,23.803328,22.341381,20.731766,19.904972,19.521313,0.969215,0.139638,0.048276,0.033282,0.086595
587732156849651956,2888,40,3,25,244,3,114.56986626,21.53299002,24.649639,25.015322,24.801702,19.878925,19.099926,1.339526,0.992543,1.178396,0.038199,0.067804
587732156849651957,2888,40,3,25,245,3,114.57020391,21.53565482,23.404518,22.957039,22.376961,20.805401,23.255045,1.014186,0.329756,0.289442,0.101944,1.135559
587732156849651959,2888,40,3,25,247,3,114.57399376,21.53132569,24.34964,24.329271,23.854523,21.664059,22.125288,1.313435,0.750539,0.74207,0.185996,0.783167
587732156849651967,2888,40,3,25,255,6,114.55271081,21.5512355,24.662439,25.189091,25.068718,24.056717,20.850344,0.898039,0.630743,0.628717,0.583103,0.196972
587732156849651977,2888,40,3,25,265,6,114.55774117,21.54831736,18.526306,17.27817,16.844227,16.688446,16.643253,0.016428,4.694296E-3,4.718614E-3,5.210309E-3,9.155225E-3
587732156849651980,2888,40,3,25,268,6,114.58811196,21.52827094,15.470834,13.166779,12.445532,12.189924,13.342977,6.301898E-3,1.362827E-3,1.080323E-3,9.729937E-4,7.600539E-3
587732156849651981,2888,40,3,25,269,6,114.58786747,21.52586607,17.978415,16.791222,16.399302,16.248171,16.451042,0.012131,4.180387E-3,4.347587E-3,4.826738E-3,8.536583E-3
587732156849651985,2888,40,3,25,273,6,114.58988933,21.52550123,24.170727,20.947617,19.537813,18.851931,18.474295,0.858001,0.033732,0.01546,0.01251,0.028341
587732156849651989,2888,40,3,25,277,3,114.58234036,21.52899191,23.958679,21.970175,21.65807,20.613897,21.796043,1.30214,0.124349,0.138928,0.079295,0.736133
587732156849651991,2888,40,3,25,279,3,114.58482814,21.52617076,21.961529,22.100843,22.536423,19.393829,26.473804,2.039466,1.048771,2.365882,0.225537,0.608853
587732156849651998,2888,40,3,25,286,3,114.56430479,21.53970429,22.803988,23.010778,21.719524,21.743359,21.031473,0.42118,0.228437,0.103234,0.146587,0.291267
587732156849652011,2888,40,3,25,299,6,114.55467645,21.55360567,23.429445,22.763515,21.317688,20.448805,20.043909,0.5636,0.150948,0.058245,0.038144,0.099206
587732156849652061,2888,40,3,25,349,6,114.61339788,21.52596414,15.743613,14.527156,14.541658,14.625537,13.916556,4.897099E-3,3.368067E-3,0.011401,0.011852,4.207985E-3
587732156849652063,2888,40,3,25,351,6,114.61277132,21.5280515,15.601818,14.400561,14.467636,14.782368,14.053385,4.741295E-3,3.299603E-3,0.01136,0.011979,4.292233E-3
587732156849652066,2888,40,3,25,354,6,114.61782002,21.53085977,17.080597,15.981912,15.701476,15.604909,15.619869,7.880091E-3,3.638613E-3,3.948183E-3,4.464619E-3,5.849993E-3
587732156849652067,2888,40,3,25,355,6,114.61868269,21.5276786,17.895,16.718433,16.325974,16.168055,16.1427,0.011594,4.092064E-3,4.257091E-3,4.784974E-3,7.178319E-3
587732156849652068,2888,40,3,25,356,6,114.61419645,21.5296968,20.948816,19.281538,18.329264,18.02405,17.853605,0.08036,0.011327,7.890367E-3,8.101661E-3,0.018475
587732156849652069,2888,40,3,25,357,6,114.61312112,21.52736843,21.559069,25.101254,18.710537,18.077671,17.843147,0.152526,1.607699,0.015852,0.011267,0.022909
587732156849652079,2888,40,3,25,367,6,114.59746369,21.52763692,19.124083,17.540787,16.913637,16.685989,16.592737,0.023195,5.12614E-3,4.809233E-3,5.26618E-3,9.056145E-3
587732156849652176,2888,40,3,25,464,6,114.5498424,21.58426031,21.636906,19.486567,18.504242,18.158888,17.878088,0.135643,0.012565,8.447413E-3,8.627337E-3,0.01855
587732156849652180,2888,40,3,25,468,6,114.54840176,21.58829537,23.296806,21.201731,19.869041,19.288387,19.061747,0.508223,0.041576,0.019094,0.016236,0.043865
587732156849652186,2888,40,3,25,474,6,114.5496285,21.58805949,24.43767,22.182192,20.784641,19.910488,19.545179,0.916638,0.092759,0.037859,0.025109,0.064594
587732156849652341,2888,40,3,25,629,6,114.63353622,21.53574072,26.005426,23.458006,21.51709,20.615974,20.32633,0.530539,0.296168,0.079559,0.050414,0.147507
587732156849652352,2888,40,3,25,640,6,114.63084777,21.53665156,23.64324,21.155529,19.749508,19.157618,18.851473,0.688453,0.038868,0.017662,0.014962,0.037955
587732156849652401,2888,40,3,25,689,6,114.56121886,21.60687609,17.021027,15.909741,15.648262,15.566145,15.565565,7.515546E-3,3.593607E-3,3.947305E-3,4.487178E-3,5.790478E-3
587732156849652403,2888,40,3,25,691,6,114.56126801,21.60840076,22.056917,19.33152,18.274858,17.864016,17.674883,0.189926,0.011694,7.60134E-3,7.498583E-3,0.01623
587732156849652505,2888,40,3,25,793,6,114.64594493,21.55134467,15.673244,14.557148,14.300984,14.22298,14.235335,4.597864E-3,3.327727E-3,3.718109E-3,4.200065E-3,4.248266E-3
587732156849652507,2888,40,3,25,795,6,114.64014254,21.54692854,16.563324,15.469633,15.231618,15.16285,15.18675,6.312144E-3,3.506662E-3,3.861771E-3,4.345163E-3,5.172004E-3
587732156849652508,2888,40,3,25,796,6,114.64553976,21.55048873,19.722593,18.163139,17.615841,17.392054,17.404591,0.036027,9.497469E-3,7.205701E-3,7.073701E-3,0.014669
587732156849652509,2888,40,3,25,797,6,114.64295115,21.54629278,20.24563,18.589087,17.882568,17.649733,17.476179,0.048047,7.749525E-3,6.43991E-3,6.89398E-3,0.014508
587732156849652511,2888,40,3,25,799,6,114.640781,21.54589776,21.425398,20.389254,20.039719,19.953135,19.83201,0.12041,0.02314,0.023354,0.026459,0.085843
587732156849652513,2888,40,3,25,801,6,114.64411841,21.54738,23.547016,25.381392,23.489016,21.872198,20.954363,0.653578,0.581613,0.37543,0.129258,0.2249
587732156849652666,2888,40,3,25,954,6,114.59555018,21.62331795,21.956545,19.874674,18.832758,18.458851,18.311991,0.177753,0.016,0.010013,9.876884E-3,0.024731
587732156849652668,2888,40,3,25,956,6,114.59263524,21.6231187,23.158894,20.877316,19.479506,18.781626,18.44095,0.47971,0.032445,0.014809,0.011841,0.027361
587732156849652669,2888,40,3,25,957,6,114.59354196,21.62242841,22.984505,20.403492,19.210167,18.783548,18.529848,0.415711,0.022884,0.012463,0.011834,0.029111
587732156849652678,2888,40,3,25,966,3,114.59530954,21.62081508,23.96944,23.611975,24.013376,21.434727,21.816954,1.488274,0.585103,1.090454,0.182005,0.856954
587732156849652681,2888,40,3,25,969,6,114.64852709,21.55511139,19.653812,18.132689,17.548616,17.332346,17.245665,0.032336,6.334049E-3,5.711352E-3,6.159644E-3,0.012631
587732156849652682,2888,40,3,25,970,6,114.64634908,21.55590985,21.910482,19.91419,18.853447,18.454645,18.234982,0.175637,0.016108,0.010186,9.891349E-3,0.024044
587732156849652683,2888,40,3,25,971,3,114.64748701,21.55734971,21.717001,20.334051,19.44993,19.001125,18.692327,0.189917,0.025808,0.017294,0.016284,0.043097
587732156849652742,2888,40,3,25,1030,6,114.65183802,21.57262346,16.04147,14.877338,14.636846,14.580967,14.601605,5.213663E-3,3.372077E-3,3.767489E-3,4.238341E-3,4.511602E-3
587732156849652747,2888,40,3,25,1035,6,114.65084139,21.57234118,20.840826,18.446001,17.690601,17.381359,17.309809,0.078454,0.010656,7.29839E-3,6.975272E-3,0.013529
587732156849652759,2888,40,3,25,1047,6,114.65087755,21.57512338,23.72949,22.715647,20.832932,20.079487,19.566837,0.747881,0.144057,0.041146,0.029455,0.068831
587732156849652761,2888,40,3,25,1049,6,114.65227287,21.57004942,24.922731,22.447208,20.78056,19.912073,19.492887,1.340057,0.168799,0.056649,0.037058,0.093974
587732156849652764,2888,40,3,25,1052,6,114.65258313,21.56583591,23.212811,21.858782,20.992689,20.736954,20.652813,0.515859,0.068663,0.04563,0.048695,0.170219
587732156849652864,2888,40,3,25,1152,6,114.64803612,21.58579872,18.807581,17.443766,16.967033,16.806982,16.708155,0.019223,5.007736E-3,4.86871E-3,5.338646E-3,9.351308E-3
587732156849652865,2888,40,3,25,1153,6,114.6490093,21.58531877,18.803556,17.469969,16.977949,16.801432,16.730211,0.019283,5.112127E-3,4.931827E-3,5.342323E-3,9.472935E-3
587732156849652885,2888,40,3,25,1173,6,114.61883995,21.61850777,19.257069,17.833241,17.304029,17.122126,17.054453,0.025429,5.685463E-3,5.275073E-3,5.790428E-3,0.011323
587732156849652894,2888,40,3,25,1182,6,114.6300579,21.61508552,16.106167,14.986369,14.74383,14.668197,14.676136,5.27185E-3,3.364494E-3,3.706724E-3,4.233422E-3,4.598199E-3
587732156849652895,2888,40,3,25,1183,6,114.62691032,21.61438171,18.266802,17.035742,16.632717,16.490381,16.458824,0.013974,4.406516E-3,4.457324E-3,4.99922E-3,8.277464E-3
587732156849652896,2888,40,3,25,1184,6,114.62442688,21.6145454,18.994869,17.476915,16.88026,16.646542,16.523153,0.021253,4.991871E-3,4.69242E-3,5.086466E-3,8.507983E-3
587732156849652897,2888,40,3,25,1185,6,114.62293502,21.61630473,18.689135,17.389694,16.934658,16.773811,16.720518,0.01772,4.844888E-3,4.735041E-3,5.266763E-3,9.404033E-3
587732156849652903,2888,40,3,25,1191,6,114.63044003,21.61133506,24.098303,21.728735,20.416895,19.566746,19.111141,0.868156,0.062777,0.028701,0.019412,0.045765
587732156849652951,2888,40,3,25,1239,6,114.64168174,21.60382949,16.177652,15.068353,14.854197,14.803017,14.821417,5.432828E-3,3.409276E-3,3.730183E-3,4.233328E-3,4.756128E-3
587732156849652952,2888,40,3,25,1240,6,114.64135002,21.60502558,18.687315,16.761608,16.058514,15.799947,15.671608,0.018724,4.402187E-3,4.166177E-3,4.560615E-3,6.081819E-3
587732156849652954,2888,40,3,25,1242,6,114.64291746,21.60241388,24.6905,23.297546,22.980604,21.513292,21.039629,0.955915,0.234932,0.24481,0.091468,0.228187
587732156849652962,2888,40,3,25,1250,6,114.63588825,21.6107704,17.541609,16.237501,15.784232,15.622111,15.568908,9.665151E-3,3.798452E-3,3.946224E-3,4.449492E-3,5.796357E-3
587732156849652964,2888,40,3,25,1252,6,114.63454801,21.61201192,23.467964,22.23974,20.874136,20.052076,19.522791,0.623569,0.097883,0.04173,0.028089,0.06491
587732156849653205,2888,40,3,25,1493,6,114.54729098,21.58435863,21.70496,19.421312,18.423885,18.000957,17.815985,0.142665,0.01208,8.119268E-3,7.92217E-3,0.017796
587732156849653206,2888,40,3,25,1494,6,114.54728097,21.58566504,23.918898,24.424494,22.4193,21.106441,20.551409,0.771922,0.540361,0.14924,0.065215,0.151114
587732156849653226,2888,40,3,25,1514,6,114.55362331,21.59270716,24.089012,20.711805,19.405926,18.81102,18.476604,0.839423,0.029902,0.014621,0.012135,0.028786
587732156849653234,2888,40,3,25,1522,6,114.62640551,21.53313742,20.887184,18.408443,17.030121,15.723874,15.027775,0.076562,7.223736E-3,4.933358E-3,4.570421E-3,4.990178E-3
587732156849653239,2888,40,3,25,1527,6,114.62999663,21.53321498,23.522427,25.580635,22.52,21.441303,20.886328,0.630444,0.541307,0.167174,0.088796,0.210498
587732156849653251,2888,40,3,25,1539,6,114.560897,21.60393104,20.750046,18.798134,18.073042,17.808428,17.734039,0.067373,8.678415E-3,7.037819E-3,7.357243E-3,0.016941
587732156849653265,2888,40,3,25,1553,6,114.56631241,21.61100855,21.12921,19.013859,18.243668,17.932798,17.779125,0.089548,9.787301E-3,7.63775E-3,7.854883E-3,0.017465
587732156849653302,2888,40,3,25,1590,6,114.58150746,21.61927142,20.646999,18.228582,17.117907,16.69309,16.452328,0.063775,6.67595E-3,5.085563E-3,5.273838E-3,8.463183E-3
587732156849653324,2888,40,3,25,1612,6,114.60348765,21.62062386,20.279041,18.820681,18.229744,17.96933,17.821943,0.048895,8.83612E-3,7.483687E-3,7.882101E-3,0.017994
587732156849653339,2888,40,3,25,1627,6,114.65066214,21.58825056,19.914175,18.292944,17.660572,17.44355,17.333946,0.039398,6.850025E-3,6.048762E-3,6.421497E-3,0.013578
587732156849653357,2888,40,3,25,1645,6,114.63804951,21.6067228,23.4471,20.698118,19.481234,18.97648,18.733477,0.614049,0.028477,0.015028,0.013409,0.034984
587732156849653358,2888,40,3,25,1646,6,114.63706254,21.60754017,23.964552,24.802912,22.655489,21.697355,21.265732,0.900675,0.673871,0.208036,0.121103,0.30914
587732156849653491,2888,40,3,25,1779,6,114.58707685,21.62043168,24.298059,21.039474,19.531279,18.794323,18.438492,0.933015,0.036812,0.0155,0.012042,0.028132
587732156849653497,2888,40,3,25,1785,6,114.60127146,21.62329404,24.352257,21.714149,20.298168,19.596073,19.280403,0.942893,0.063161,0.026843,0.020502,0.052375
587732156849653506,2888,40,3,25,1794,6,114.61170094,21.62219024,23.629299,21.145908,19.766432,19.200583,18.905649,0.681828,0.039898,0.017935,0.015287,0.03897
587732156849653507,2888,40,3,25,1795,6,114.61057392,21.62246555,25.95435,22.856356,21.122856,20.339685,19.955797,0.501652,0.163747,0.049998,0.034611,0.090738
587732156849653577,2888,40,3,25,1865,6,114.55705459,21.5991956,25.140635,22.41571,20.749289,20.006142,19.529585,0.847435,0.139289,0.037243,0.028255,0.064553
587732156849653586,2888,40,3,25,1874,6,114.63686532,21.54134774,24.847677,22.198734,20.536461,19.637453,19.107496,0.924504,0.089676,0.031429,0.020857,0.04659
587732156849653587,2888,40,3,25,1875,6,114.56461121,21.60821128,23.262413,21.966942,20.493074,19.79859,19.385195,0.510151,0.078146,0.030239,0.023213,0.056978
587732156849653713,2888,40,3,25,2001,6,114.56605502,21.5380467,23.840639,22.376402,21.198563,20.709211,20.488829,0.736415,0.10876,0.055333,0.050599,0.146799
587732156849653726,2888,40,3,25,2014,6,114.54890947,21.56849035,23.860573,22.412436,21.055164,20.286388,19.740713,0.771228,0.116413,0.04868,0.034843,0.079582
587732156849653738,2888,40,3,25,2026,6,114.607498,21.52617273,25.671829,23.041227,21.125151,20.251307,19.621899,0.643294,0.202321,0.05463,0.036029,0.076933
587732156849653739,2888,40,3,25,2027,6,114.60697737,21.52783178,24.465519,23.118515,21.49099,20.570871,20.053337,0.92815,0.198117,0.068453,0.042646,0.101635
587732156849653740,2888,40,3,25,2028,6,114.60743947,21.5254733,24.542435,24.585493,23.301996,20.722763,19.900162,0.927871,0.547127,0.317734,0.048244,0.089453
587732156849653741,2888,40,3,25,2029,6,114.60669473,21.52705824,25.065966,23.473427,22.216805,21.066631,20.403387,0.875297,0.279783,0.134038,0.067769,0.143652
587732156849653821,2888,40,3,25,2109,6,114.59894493,21.6223486,25.159054,22.227289,20.941507,20.379297,20.208298,0.837328,0.096051,0.043124,0.035551,0.111736
587732156849653836,2888,40,3,25,2124,6,114.61647151,21.62047382,23.797937,23.086699,21.496147,20.634893,20.057352,0.74323,0.199099,0.068232,0.04372,0.098989
587732156849653966,2888,40,3,25,2254,3,114.55123062,21.55275956,25.743629,22.904034,21.650625,21.101126,21.586685,1.026082,0.302764,0.140745,0.122498,0.663336
587732156849653984,2888,40,3,25,2272,6,114.54843607,21.56611682,24.304119,23.106388,21.921928,20.436621,19.78043,0.891607,0.203553,0.097001,0.037684,0.078885
587732156849653985,2888,40,3,25,2273,6,114.54734278,21.56641586,25.325304,26.033224,23.767344,21.945137,23.096594,0.73859,0.45469,0.442086,0.133468,0.579471
587732156849654057,2888,40,3,25,2345,3,114.57892353,21.62020015,23.955942,23.498768,21.771296,21.032791,20.480602,0.965973,0.34503,0.108603,0.077876,0.181565
587732156849654102,2888,40,3,25,2390,6,114.61902131,21.6206866,24.862221,23.805256,21.937748,20.637028,19.861202,0.988842,0.38065,0.107345,0.04738,0.09043
587732156849654184,2888,40,3,25,2472,6,114.55528312,21.54661809,23.976944,24.663303,23.11553,21.572695,20.521757,0.826787,0.613144,0.309797,0.146129,0.156265
587732156849654190,2888,40,3,25,2478,3,114.57906933,21.52955393,26.448586,23.396173,21.170223,19.340361,20.561527,2.762768,2.187561,0.443393,0.124469,1.389317
587732156849654193,2888,40,3,25,2481,3,114.58039209,21.53054175,26.060114,27.728476,21.879335,19.56057,21.455103,2.843737,0.723375,0.627764,0.111805,2.202833
587732156849654206,2888,40,3,25,2494,3,114.54752052,21.5789494,23.503344,24.135189,23.207544,21.796545,22.288641,0.646166,0.492714,0.320442,0.130717,0.589796
587732156849654209,2888,40,3,25,2497,6,114.54689476,21.5819822,23.790976,24.389389,23.011984,21.710863,21.266258,0.72232,0.526107,0.245922,0.1091,0.273908
587732156849654227,2888,40,3,25,2515,6,114.55475279,21.59669751,25.841022,24.656822,23.945549,22.507309,21.062923,0.540975,0.592217,0.493408,0.215612,0.232185
587732156849654263,2888,40,3,25,2551,6,114.58379947,21.62134466,24.409145,24.500265,25.088289,22.319822,22.154295,0.94163,0.551465,0.627109,0.182089,0.496168
587732156849654282,2888,40,3,25,2570,6,114.64614422,21.59280923,25.70005,25.507813,23.661152,22.083773,21.18298,0.613323,0.575586,0.416238,0.149772,0.256485
587732156849654285,2888,40,3,25,2573,6,114.6430686,21.59845193,23.210203,24.568537,24.206617,22.25124,21.274918,0.511057,0.555257,0.574682,0.172843,0.27689
